playerName,season,position,adp,expectedPoints
Le'Veon Bell,2018,RB,1,
Todd Gurley II,2018,RB,2,
David Johnson,2018,RB,3,
Ezekiel Elliott,2018,RB,4,
Antonio Brown,2018,WR,5,
Saquon Barkley,2018,RB,6,
Alvin Kamara,2018,RB,7,
Julio Jones,2018,WR,8,
DeAndre Hopkins,2018,WR,9,
Odell Beckham Jr.,2018,WR,10,
Kareem Hunt,2018,RB,11,
Dalvin Cook,2018,RB,12,
Keenan Allen,2018,WR,13,
Leonard Fournette,2018,RB,14,
Melvin Gordon,2018,RB,15,
Michael Thomas,2018,WR,16,
A.J. Green,2018,WR,17,
Christian McCaffrey,2018,RB,18,
Devonta Freeman,2018,RB,19,
Davante Adams,2018,WR,20,
Rob Gronkowski,2018,TE,21,
Mike Evans,2018,WR,22,
LeSean McCoy,2018,RB,23,
Travis Kelce,2018,TE,24,
Jerick McKinnon,2018,RB,25,
Joe Mixon,2018,RB,26,
Larry Fitzgerald,2018,WR,27,
T.Y. Hilton,2018,WR,28,
Adam Thielen,2018,WR,29,
Stefon Diggs,2018,WR,30,
Jordan Howard,2018,RB,31,
Zach Ertz,2018,TE,32,
Tyreek Hill,2018,WR,33,
Demaryius Thomas,2018,WR,34,
Doug Baldwin,2018,WR,35,
Allen Robinson,2018,WR,36,
Golden Tate,2018,WR,37,
Amari Cooper,2018,WR,38,
Josh Gordon,2018,WR,39,
Jarvis Landry,2018,WR,40,
Marvin Jones Jr.,2018,WR,41,
Kenyan Drake,2018,RB,42,
Alshon Jeffery,2018,WR,43,
Brandin Cooks,2018,WR,44,
Royce Freeman,2018,RB,45,
Derrick Henry,2018,RB,46,
Alex Collins,2018,RB,47,
Jay Ajayi,2018,RB,48,
Marshawn Lynch,2018,RB,49,
Dion Lewis,2018,RB,50,
Lamar Miller,2018,RB,51,
Mark Ingram II,2018,RB,52,
Chris Hogan,2018,WR,53,
JuJu Smith-Schuster,2018,WR,54,
Robert Woods,2018,WR,55,
Michael Crabtree,2018,WR,56,
Emmanuel Sanders,2018,WR,57,
Aaron Rodgers,2018,QB,58,
Tom Brady,2018,QB,59,
Duke Johnson Jr.,2018,RB,60,
Rex Burkhead,2018,RB,61,
Isaiah Crowell,2018,RB,62,
Tevin Coleman,2018,RB,63,
Greg Olsen,2018,TE,64,
Delanie Walker,2018,TE,65,
Evan Engram,2018,TE,66,
Corey Davis,2018,WR,67,
Marquise Goodwin,2018,WR,68,
Sammy Watkins,2018,WR,69,
Randall Cobb,2018,WR,70,
Devin Funchess,2018,WR,71,
Pierre Garcon,2018,WR,72,
Chris Thompson,2018,RB,73,
Carlos Hyde,2018,RB,74,
Jimmy Graham,2018,TE,75,
Will Fuller V,2018,WR,76,
Robby Anderson,2018,WR,77,
Cam Newton,2018,QB,78,
Carson Wentz,2018,QB,79,
Russell Wilson,2018,QB,80,
Deshaun Watson,2018,QB,81,
Cooper Kupp,2018,WR,82,
Jamison Crowder,2018,WR,83,
Julian Edelman,2018,WR,84,
Chris Carson,2018,RB,85,
Tarik Cohen,2018,RB,86,
Kerryon Johnson,2018,RB,87,
Rashaad Penny,2018,RB,88,
Ronald Jones II,2018,RB,89,
Jordan Reed,2018,TE,90,
Andrew Luck,2018,QB,91,
Kelvin Benjamin,2018,WR,92,
Sterling Shepard,2018,WR,93,
Josh Doctson,2018,WR,94,
DeVante Parker,2018,WR,95,
Sony Michel,2018,RB,96,
Jamaal Williams,2018,RB,97,
James White,2018,RB,98,
Peyton Barber,2018,RB,99,
Kyle Rudolph,2018,TE,100,
Jordy Nelson,2018,WR,101,
Kenny Stills,2018,WR,102,
Nelson Agholor,2018,WR,103,
Allen Hurns,2018,WR,104,
Paul Richardson,2018,WR,105,
Kenny Golladay,2018,WR,106,
Keelan Cole,2018,WR,107,
Cameron Meredith,2018,WR,108,
Mohamed Sanu,2018,WR,109,
Tyler Lockett,2018,WR,110,
Danny Amendola,2018,WR,111,
Michael Gallup,2018,WR,112,
DeSean Jackson,2018,WR,113,
Rishard Matthews,2018,WR,114,
DJ Moore,2018,WR,115,
Ben Roethlisberger,2018,QB,116,
Kirk Cousins,2018,QB,117,
Jack Doyle,2018,TE,118,
Trey Burton,2018,TE,119,
David Njoku,2018,TE,120,
Adrian Peterson,2018,RB,121,
Ty Montgomery,2018,RB,122,
Giovani Bernard,2018,RB,123,
Marlon Mack,2018,RB,124,
Theo Riddick,2018,RB,125,
Matthew Stafford,2018,QB,126,
Drew Brees,2018,QB,127,
Matt Ryan,2018,QB,128,
Chris Godwin,2018,WR,129,
John Ross,2018,WR,130,
Calvin Ridley,2018,WR,131,
James Washington,2018,WR,132,
Patrick Mahomes,2018,QB,133,
Philip Rivers,2018,QB,134,
Jimmy Garoppolo,2018,QB,135,
Alex Smith,2018,QB,136,
John Brown,2018,WR,137,
Anthony Miller,2018,WR,138,
Courtland Sutton,2018,WR,139,
Mike Williams,2018,WR,140,
Donte Moncrief,2018,WR,141,
Jordan Wilkins,2018,RB,142,
Jeremy Hill,2018,RB,143,
Devontae Booker,2018,RB,144,
Charles Clay,2018,TE,145,
Tyler Eifert,2018,TE,146,
Aaron Jones,2018,RB,147,
Doug Martin,2018,RB,148,
Matt Breida,2018,RB,149,
Marcus Mariota,2018,QB,150,
Dak Prescott,2018,QB,151,
Jared Goff,2018,QB,152,
Jaguars D/ST,2018,D/ST,153,
Bilal Powell,2018,RB,154,
Latavius Murray,2018,RB,155,
Corey Clement,2018,RB,156,
Nyheim Hines,2018,RB,157,
Dez Bryant,2018,WR,158,
Mike Wallace,2018,WR,159,
Ryan Grant,2018,WR,160,
George Kittle,2018,TE,161,
Quincy Enunwa,2018,WR,162,
Tyrod Taylor,2018,QB,163,
C.J. Anderson,2018,RB,164,
Kenneth Dixon,2018,RB,165,
Christian Kirk,2018,WR,166,
Taywan Taylor,2018,WR,167,
Cameron Brate,2018,TE,168,
Benjamin Watson,2018,TE,169,
Eagles D/ST,2018,D/ST,170,
Rams D/ST,2018,D/ST,171,
Vikings D/ST,2018,D/ST,172,
Texans D/ST,2018,D/ST,173,
Ravens D/ST,2018,D/ST,174,
Greg Zuerlein,2018,K,175,
Stephen Gostkowski,2018,K,176,
Justin Tucker,2018,K,177,
Patriots D/ST,2018,D/ST,178,
Chargers D/ST,2018,D/ST,179,
Broncos D/ST,2018,D/ST,180,
Saints D/ST,2018,D/ST,181,
Titans D/ST,2018,D/ST,182,
Panthers D/ST,2018,D/ST,183,
Matt Bryant,2018,K,184,
Wil Lutz,2018,K,185,
Chris Boswell,2018,K,186,
Robbie Gould,2018,K,187,
Jake Elliott,2018,K,188,
Matt Prater,2018,K,189,
Harrison Butker,2018,K,190,
Adam Vinatieri,2018,K,191,
Graham Gano,2018,K,192,
Nick Chubb,2018,RB,193,
Rob Kelley,2018,RB,194,
Samaje Perine,2018,RB,195,
Austin Seferian-Jenkins,2018,TE,196,
Vance McDonald,2018,TE,197,
Austin Hooper,2018,TE,198,
Christine Michael,2018,RB,199,
Javorius Allen,2018,RB,200,
LeGarrette Blount,2018,RB,201,
Darren Sproles,2018,RB,202,
Chase Edmonds,2018,RB,203,
Chris Ivory,2018,RB,204,
Austin Ekeler,2018,RB,205,
T.J. Yeldon,2018,RB,206,
Spencer Ware,2018,RB,207,
Elijah McGuire,2018,RB,208,
James Conner,2018,RB,209,
O.J. Howard,2018,TE,210,
Jared Cook,2018,TE,211,
Mitchell Trubisky,2018,QB,212,
Cole Beasley,2018,WR,213,
Ted Ginn Jr.,2018,WR,214,
Martavis Bryant,2018,WR,215,
Tyler Boyd,2018,WR,216,
Albert Wilson,2018,WR,217,
Willie Snead,2018,WR,218,
Andy Dalton,2018,QB,219,
Ryan Tannehill,2018,QB,220,
Redskins D/ST,2018,D/ST,221,
Cardinals D/ST,2018,D/ST,222,
Dan Bailey,2018,K,223,
Ryan Succop,2018,K,224,
Dede Westbrook,2018,WR,225,
Tyrell Williams,2018,WR,226,
Terrance Williams,2018,WR,227,
Brandon Marshall,2018,WR,228,
Travis Benjamin,2018,WR,229,
Corey Coleman,2018,WR,230,
Jermaine Kearse,2018,WR,231,
Geronimo Allison,2018,WR,232,
Terrelle Pryor Sr.,2018,WR,233,
Antonio Callaway,2018,WR,234,
D'Onta Foreman,2018,RB,235,
Frank Gore,2018,RB,236,
Jonathan Stewart,2018,RB,237,
Wayne Gallman,2018,RB,238,
Rod Smith,2018,RB,239,
John Kelly,2018,RB,240,
Jonathan Williams,2018,RB,241,
Alfred Blue,2018,RB,242,
Eli Manning,2018,QB,243,
Derek Carr,2018,QB,244,
Jameis Winston,2018,QB,245,
Eric Ebron,2018,TE,246,
Mike Gesicki,2018,TE,247,
Ricky Seals-Jones,2018,TE,248,
Hayden Hurst,2018,TE,249,
Corey Grant,2018,RB,250,
D.J. Chark,2018,WR,251,
J'Mon Moore,2018,WR,252,
Falcons D/ST,2018,D/ST,253,
Cowboys D/ST,2018,D/ST,254,
Daniel Carlson,2018,K,255,
Mason Crosby,2018,K,256,
Ryan Griffin,2018,TE,257,
Blake Jarwin,2018,TE,258,
Jake Butt,2018,TE,259,
Marquez Valdes-Scantling,2018,WR,260,
Equanimeous St. Brown,2018,WR,261,
Adam Humphries,2018,WR,262,
Zay Jones,2018,WR,263,
Tavon Austin,2018,RB,264,
C.J. Prosise,2018,RB,265,
Case Keenum,2018,QB,266,
Blake Bortles,2018,QB,267,
Joe Flacco,2018,QB,268,
Sam Darnold,2018,QB,269,
Sam Bradford,2018,QB,270,
Taylor Gabriel,2018,WR,271,
Curtis Samuel,2018,WR,272,
Trent Taylor,2018,WR,273,
Laquon Treadwell,2018,WR,274,
J.J. Nelson,2018,WR,275,
Mark Walton,2018,RB,276,
Jacquizz Rodgers,2018,RB,277,
Joe Williams,2018,RB,278,
De'Angelo Henderson,2018,RB,279,
Kalen Ballage,2018,RB,280,
Damien Williams,2018,RB,281,
T.J. Logan,2018,RB,282,
Jalen Richard,2018,RB,283,
Keke Coutee,2018,WR,284,
Packers D/ST,2018,D/ST,285,
Bears D/ST,2018,D/ST,286,
Josh Lambo,2018,K,287,
Dustin Hopkins,2018,K,288,
Virgil Green,2018,TE,289,
Vernon Davis,2018,TE,290,
Tyler Kroft,2018,TE,291,
Antonio Gates,2018,TE,292,
Gerald Everett,2018,TE,293,
DaeSean Hamilton,2018,WR,294,
Tre'Quan Smith,2018,WR,295,
Josh Allen,2018,QB,296,
Lions D/ST,2018,D/ST,297,
Bengals D/ST,2018,D/ST,298,
Chiefs D/ST,2018,D/ST,299,
Raiders D/ST,2018,D/ST,300,
