playerName,pos,team,ecr,ecrPos,ecrBest,ecrWorst,ecrStdev,experts
Ja'Marr Chase,WR,CIN,1,1,1,3,0.67,130
Jahmyr Gibbs,RB,DET,2,1,1,2,0.33,130
Puka Nacua,WR,LA,3,2,3,4,0.33,130
Bijan Robinson,RB,ATL,4,2,2,4,0.67,130
Jaxon Smith-Njigba,WR,SEA,5,3,5,6,0.33,130
Amon-Ra St. Brown,WR,DET,6,4,6,8,0.67,130
Justin Jefferson,WR,MIN,7,5,7,12,1.67,130
Christian McCaffrey,RB,SF,8,3,7,8,0.33,130
CeeDee Lamb,WR,DAL,9,6,9,11,0.67,130
Drake London,WR,ATL,10,7,10,17,2.33,130
Jonathan Taylor,RB,IND,11,4,5,11,2,130
A.J. Brown,WR,NE,12,8,12,19,2.33,130
James Cook,RB,BUF,13,5,9,13,1.33,130
Chris Olave,WR,NO,14,9,14,24,3.33,130
Nico Collins,WR,HOU,15,10,15,23,2.67,130
Chase Brown,RB,CIN,16,6,14,16,0.67,130
Trey McBride,TE,ARI,17,1,17,20,1,130
George Pickens,WR,DAL,18,11,18,28,3.33,130
Brock Bowers,TE,LV,19,2,19,22,1,130
DeVonta Smith,WR,PHI,20,12,20,35,5,130
De'Von Achane,RB,MIA,21,7,10,21,3.67,130
Malik Nabers,WR,NYG,22,13,22,33,3.67,130
Kenneth Walker,RB,KC,23,8,23,25,0.67,130
Josh Allen,QB,BUF,24,1,24,26,0.67,130
Saquon Barkley,RB,PHI,25,9,15,25,3.33,130
Omarion Hampton,RB,LAC,26,10,13,26,4.33,130
Lamar Jackson,QB,BAL,27,2,27,48,7,130
Ashton Jeanty,RB,LV,28,11,18,28,3.33,130
Rashee Rice,WR,KC,29,14,27,29,0.67,130
Garrett Wilson,WR,NYJ,30,15,29,30,0.33,130
Zay Flowers,WR,BAL,31,16,31,37,2,130
Drake Maye,QB,NE,32,3,32,58,8.67,130
Ladd McConkey,WR,LAC,33,17,33,40,2.33,130
Jaylen Waddle,WR,DEN,34,18,34,45,3.67,130
Colston Loveland,TE,CHI,35,3,35,42,2.33,130
Tee Higgins,WR,CIN,36,19,36,43,2.33,130
Tetairoa McMillan,WR,CAR,37,20,36,37,0.33,130
Derrick Henry,RB,BAL,38,12,16,38,7.33,130
Breece Hall,RB,NYJ,39,13,30,39,3,130
Jeremiyah Love,RB,ARI,40,14,21,40,6.33,130
Kyren Williams,RB,LA,41,15,32,41,3,130
Emeka Egbuka,WR,TB,42,21,38,42,1.33,130
Javonte Williams,RB,DAL,43,16,31,43,4,130
Luther Burden,WR,CHI,44,22,44,60,5.33,130
Joe Burrow,QB,CIN,45,4,45,64,6.33,130
Travis Etienne,RB,NO,46,17,34,46,4,130
Terry McLaurin,WR,WAS,47,23,47,51,1.33,130
Jameson Williams,WR,DET,48,24,48,54,2,130
Davante Adams,WR,LA,49,25,44,49,1.67,130
Jayden Daniels,QB,WAS,50,5,50,57,2.33,130
Tyler Warren,TE,IND,51,4,51,55,1.33,130
D'Andre Swift,RB,CHI,52,18,46,52,2,130
DJ Moore,WR,BUF,53,26,52,53,0.33,130
Christian Watson,WR,GB,54,27,54,75,7,130
Bucky Irving,RB,TB,55,19,49,55,2,130
Jalen Hurts,QB,PHI,56,6,56,69,4.33,130
David Montgomery,RB,HOU,57,20,50,57,2.33,130
Mike Evans,WR,SF,58,28,58,62,1.33,130
Parker Washington,WR,JAX,59,29,59,76,5.67,130
Cam Skattebo,RB,NYG,60,21,41,60,6.33,130
Carnell Tate,WR,TEN,61,30,61,61,0,130
Quinshon Judkins,RB,CLE,62,22,39,62,7.67,130
Rome Odunze,WR,CHI,63,31,56,63,2.33,130
Caleb Williams,QB,CHI,64,7,64,89,8.33,130
Bhayshul Tuten,RB,JAX,65,23,47,65,6,130
Chris Godwin,WR,TB,66,32,66,97,10.33,130
Jadarian Price,RB,SEA,67,24,53,67,4.67,130
Marvin Harrison,WR,ARI,68,33,65,68,1,130
TreVeyon Henderson,RB,NE,69,25,59,69,3.33,130
Harold Fannin,TE,CLE,70,5,70,70,0,130
Rhamondre Stevenson,RB,NE,71,26,63,71,2.67,130
Justin Herbert,QB,LAC,72,8,72,86,4.67,130
Michael Pittman,WR,PIT,73,34,66,73,2.33,130
DK Metcalf,WR,PIT,74,35,68,74,2,130
Jaylen Warren,RB,PIT,75,27,74,75,0.33,130
Trevor Lawrence,QB,JAX,76,9,76,99,7.67,130
Kyle Pitts,TE,ATL,77,6,72,77,1.67,130
Brian Thomas,WR,JAX,78,36,78,95,5.67,130
Courtland Sutton,WR,DEN,79,37,71,79,2.67,130
Dak Prescott,QB,DAL,80,10,73,80,2.33,130
Rico Dowdle,RB,PIT,81,28,81,83,0.67,130
Sam LaPorta,TE,DET,82,7,81,82,0.33,130
Wan'Dale Robinson,WR,TEN,83,38,80,83,1,130
Tony Pollard,RB,TEN,84,29,67,84,5.67,130
Tucker Kraft,TE,GB,85,8,85,104,6.33,130
Quentin Johnston,WR,LAC,86,39,86,119,11,130
Jonathon Brooks,RB,CAR,87,30,87,87,0,130
Michael Wilson,WR,ARI,88,40,84,88,1.33,130
Josh Downs,WR,IND,89,41,89,105,5.33,130
Travis Kelce,TE,KC,90,9,90,107,5.67,130
RJ Harvey,RB,DEN,91,31,91,109,6,130
Brock Purdy,QB,SF,92,11,92,102,3.33,130
Kenny Gainwell,RB,TB,93,32,77,93,5.33,130
George Kittle,TE,SF,94,10,78,94,5.33,130
Stefon Diggs,WR,WAS,95,42,88,95,2.33,130
Jayden Reed,WR,GB,96,43,96,120,8,130
Bo Nix,QB,DEN,97,12,97,113,5.33,130
Patrick Mahomes,QB,KC,98,13,98,108,3.33,130
MarShawn Lloyd,RB,GB,99,33,79,99,6.67,130
Chuba Hubbard,RB,CAR,100,34,90,100,3.33,130
Jaxson Dart,QB,NYG,101,14,85,101,5.33,130
Jordan Addison,WR,MIN,102,44,98,102,1.33,130
Jared Goff,QB,DET,103,15,103,128,8.33,130
J.K. Dobbins,RB,DEN,104,35,101,104,1,130
Jakobi Meyers,WR,JAX,105,45,94,105,3.67,130
Alec Pierce,WR,IND,106,46,93,106,4.33,130
Dalton Kincaid,TE,BUF,107,11,107,126,6.33,130
Makai Lemon,WR,PHI,108,47,108,111,1,130
Kyler Murray,QB,MIN,109,16,109,116,2.33,130
Matthew Stafford,QB,LA,110,17,110,115,1.67,130
Jacory Croskey-Merritt,RB,WAS,111,36,111,117,2,130
KC Concepcion,WR,CLE,112,48,112,132,6.67,130
Blake Corum,RB,LA,113,37,112,113,0.33,130
Aaron Jones,RB,MIN,114,38,92,114,7.33,130
Jordan Love,QB,GB,115,18,115,149,11.33,130
Tyler Shough,QB,NO,116,19,116,127,3.67,130
Kyle Monangai,RB,CHI,117,39,103,117,4.67,130
Rachaad White,RB,WAS,118,40,100,118,6,130
Baker Mayfield,QB,TB,119,20,119,137,6,130
Jordan Mason,RB,MIN,120,41,120,130,3.33,130
Isaiah Likely,TE,NYG,121,12,118,121,1,130
Jake Ferguson,TE,DAL,122,13,114,122,2.67,130
Khalil Shakir,WR,BUF,123,49,106,123,5.67,130
Matthew Golden,WR,GB,124,50,96,124,9.33,130
Xavier Worthy,WR,KC,125,51,121,125,1.33,130
Dallas Goedert,TE,PHI,126,14,110,126,5.33,130
Romeo Doubs,WR,NE,127,52,124,127,1,130
Juwan Johnson,TE,NO,128,15,128,143,5,130
Mark Andrews,TE,BAL,129,16,123,129,2,130
Jalen Coker,WR,CAR,130,53,125,130,1.67,130
De'Zhaun Stribling,WR,SF,131,54,122,131,3,130
Malik Willis,QB,MIA,132,21,132,161,9.67,130
Tyjae Spears,RB,TEN,133,42,129,133,1.33,130
Woody Marks,RB,HOU,134,43,134,134,0,130
Jordyn Tyson,WR,NO,135,55,135,162,9,130
Tyler Allgeier,RB,ARI,136,44,136,145,3,130
Sam Darnold,QB,SEA,137,22,137,177,13.33,130
C.J. Stroud,QB,HOU,138,23,138,176,12.67,130
Chris Rodriguez,RB,JAX,139,45,139,140,0.33,130
Deebo Samuel,WR,SF,140,56,131,140,3,130
Dylan Sampson,RB,CLE,141,46,141,151,3.33,130
Daniel Jones,QB,IND,142,24,139,142,1,130
Rashid Shaheed,WR,SEA,143,57,143,156,4.33,130
Zach Charbonnet,RB,SEA,144,47,133,144,3.67,130
Cam Ward,QB,TEN,145,25,145,195,16.67,130
Keaton Mitchell,RB,LAC,146,48,146,165,6.33,130
Jonah Coleman,RB,DEN,147,49,136,147,3.67,130
Denzel Boston,WR,CLE,148,58,148,157,3,130
Tre Tucker,WR,LV,149,59,149,163,4.67,130
Mike Washington,RB,LV,150,50,150,166,5.33,130
Dalton Schultz,TE,HOU,151,17,151,183,10.67,130
Josh Jacobs,RB,GB,152,51,82,152,23.33,130
Brenton Strange,TE,JAX,154,18,153,154,0.33,130
Alvin Kamara,RB,NO,155,52,142,155,4.33,130
Hunter Henry,TE,NE,156,19,144,156,4,130
Jerry Jeudy,WR,CLE,157,60,157,158,0.33,130
Kayshon Boutte,WR,HOU,158,61,158,187,9.67,130
Bryce Young,QB,CAR,159,26,159,194,11.67,130
Chig Okonkwo,TE,WAS,160,20,160,192,10.67,130
Tank Bigsby,RB,PHI,161,53,161,171,3.33,130
Jauan Jennings,WR,MIN,162,62,162,178,5.33,130
Omar Cooper,WR,NYJ,163,63,163,186,7.67,130
Emmett Johnson,RB,KC,164,54,164,212,16,130
Brian Robinson,RB,ATL,165,55,152,165,4.33,130
Isiah Pacheco,RB,DET,166,56,141,166,8.33,130
Adonai Mitchell,WR,NYJ,167,64,159,167,2.67,130
T.J. Hockenson,TE,MIN,168,21,146,168,7.33,130
Malik Washington,WR,MIA,169,65,169,200,10.33,130
Tre' Harris,WR,LAC,170,66,170,181,3.67,130
Ryan Flournoy,WR,DAL,171,67,171,184,4.33,130
Dontayvion Wicks,WR,PHI,172,68,169,172,1,130
Jalen Nailor,WR,LV,173,69,164,173,3,130
Keenan Allen,WR,IND,174,70,148,174,8.67,130
Braelon Allen,RB,NYJ,175,57,167,175,2.67,130
Ray Davis,RB,BUF,176,58,172,176,1.33,130
Jalen McMillan,WR,TB,177,71,135,177,14,130
Kimani Vidal,RB,LAC,178,59,178,189,3.67,130
Travis Hunter,WR,JAX,181,72,91,181,30,130
Jacoby Brissett,QB,ARI,182,27,182,196,4.67,130
Jaylin Noel,WR,HOU,183,73,154,183,9.67,130
Caleb Douglas,WR,MIA,184,74,160,184,8,130
Calvin Ridley,WR,TEN,185,75,150,185,11.67,130
Gunnar Helm,TE,TEN,187,22,187,191,1.33,130
AJ Barner,TE,SEA,188,23,188,193,1.67,130
Terrance Ferguson,TE,LA,189,24,155,189,11.33,130
Ja'Kobi Lane,WR,BAL,190,76,175,190,5,130
Justice Hill,RB,BAL,191,60,174,191,5.67,130
Tank Dell,WR,HOU,193,77,138,193,18.33,130
Cooper Kupp,WR,SEA,194,78,194,203,3,130
Malachi Fields,WR,NYG,196,79,179,196,5.67,130
Pat Freiermuth,TE,PIT,197,25,182,197,5,130
Malik Davis,RB,DAL,200,61,200,201,0.33,130
Kenyon Sadiq,TE,NYJ,201,26,147,201,18,130
Rashod Bateman,WR,BAL,205,80,168,205,12.33,130
Chris Bell,WR,MIA,209,81,208,209,0.33,130
Jaylen Wright,RB,MIA,211,62,190,211,7,130
Kaelon Black,RB,SF,214,63,188,214,8.67,130
Zachariah Branch,WR,ATL,215,82,185,215,10,130
Germie Bernard,WR,PIT,219,83,180,219,13,130
Devaughn Vele,WR,NO,221,84,170,221,17,130
