team,oline,dline,offense,power
ARI,25.3,26,23.5,20.3
ATL,10.7,24,23,19.7
BAL,21,4,6.5,2
BUF,4.3,15,1.5,2.7
CAR,18.7,32,27.5,27.7
CHI,6.7,19,10.5,17.7
CIN,25.3,17,7,8.7
CLE,32,1,32,32
DAL,14,8,10.5,20
DEN,1,6,14.5,11.3
DET,15,12,8.5,5.3
GB,27.3,9,9,7.7
HOU,29,2,20.5,15
IND,6.7,22,18.5,22
JAX,21.7,29,19.5,24.7
KC,18,14,5.5,4
LA,8.3,18,7.5,14
LAC,5.7,16,8.5,9.7
LV,24,27,25,28
MIA,28,25,30,24
MIN,13,11,12.5,13
NE,17,20,16,23.3
NO,15.3,28,23.5,28.7
NYG,19.7,31,26.5,29.7
NYJ,20.3,10,28.5,26
PHI,3,3,9,1.3
PIT,20,7,23.5,17.3
SEA,11.3,13,18,15.7
SF,8,5,4.5,5.7
TB,3,21,11.5,12
TEN,30.3,30,30.5,31
WAS,24.3,23,15,8
