team,pa,oppPass,oppRush
ARI,488,6286,2158
ATL,401,5919,2146
BAL,398,6216,1813
BUF,365,5209,2315
CAR,380,5753,2096
CHI,415,6354,2287
CIN,492,6675,2500
CLE,379,5199,1979
DAL,511,6654,2133
DEN,311,5154,1548
DET,413,5974,1947
GB,360,5517,2001
HOU,295,5079,1593
IND,412,6194,1732
JAX,336,5388,1455
KC,328,5284,1797
LA,346,5872,1884
LAC,340,5105,1791
LV,432,5630,1986
MIA,424,6171,2251
MIN,333,5131,2110
NE,320,5241,1729
NO,383,5386,2050
NYG,439,6378,2470
NYJ,503,6220,2371
PHI,325,5591,2115
PIT,387,6359,1922
SEA,292,5177,1563
SF,371,5943,1833
TB,411,6016,1684
TEN,478,6169,1948
WAS,451,6777,2411
