team,overall,qb,rb,wr,te
ARI,4,7,8,7,7
ATL,14,16,9,16,16
BAL,15,9,23,9,9
BUF,21,26,5,26,26
CAR,18,18,13,18,18
CHI,10,6,6,6,6
CIN,3,2,1,2,2
CLE,19,27,17,27,27
DAL,1,3,10,3,3
DEN,30,29,31,29,29
DET,11,14,19,14,14
GB,22,21,15,21,21
HOU,31,32,29,32,32
IND,12,10,26,10,10
JAX,25,22,32,22,22
KC,27,24,24,24,24
LA,23,17,21,17,17
LAC,24,31,25,31,31
LV,8,19,16,19,19
MIA,9,11,7,11,11
MIN,26,30,12,30,30
NE,29,25,27,25,25
NO,17,23,14,23,23
NYG,7,4,2,4,4
NYJ,2,8,4,8,8
PHI,28,20,11,20,20
PIT,16,5,20,5,5
SEA,32,28,30,28,28
SF,20,15,22,15,15
TB,13,13,28,13,13
TEN,5,12,18,12,12
WAS,6,1,3,1,1
