playerName,draftYear,position,team,round,pick
Sam Bradford,2010,QB,STL,1,1
C.J. Spiller,2010,RB,BUF,1,9
Ryan Mathews,2010,RB,SDG,1,12
Jermaine Gresham,2010,TE,CIN,1,21
Demaryius Thomas,2010,WR,DEN,1,22
Dez Bryant,2010,WR,DAL,1,24
Tim Tebow,2010,QB,DEN,1,25
Jahvid Best,2010,RB,DET,1,30
Dexter McCluster,2010,WR,KAN,2,36
Arrelious Benn,2010,WR,TAM,2,39
Rob Gronkowski,2010,TE,NWE,2,42
Jimmy Clausen,2010,QB,CAR,2,48
Toby Gerhart,2010,RB,MIN,2,51
Ben Tate,2010,RB,HOU,2,58
Montario Hardesty,2010,RB,CLE,2,59
Golden Tate,2010,WR,SEA,2,60
Ed Dickson,2010,TE,BAL,3,70
Damian Williams,2010,WR,TEN,3,77
Brandon LaFell,2010,WR,CAR,3,78
Emmanuel Sanders,2010,WR,PIT,3,82
Jordan Shipley,2010,WR,CIN,3,84
Colt McCoy,2010,QB,CLE,3,85
Eric Decker,2010,WR,DEN,3,87
Andre Roberts,2010,WR,ARI,3,88
Armanti Edwards,2010,WR,CAR,3,89
Taylor Price,2010,WR,NWE,3,90
Tony Moeaki,2010,TE,KAN,3,93
Jimmy Graham,2010,TE,NOR,3,95
Mardy Gilyard,2010,WR,STL,4,99
Mike Williams,2010,WR,TAM,4,101
Marcus Easley,2010,WR,BUF,4,107
Jacoby Ford,2010,WR,OAK,4,108
Joe McKnight,2010,RB,NYJ,4,112
Aaron Hernandez,2010,TE,NWE,4,113
Dennis Pitta,2010,TE,BAL,4,114
Garrett Graham,2010,TE,HOU,4,118
Mike Kafka,2010,QB,PHI,4,122
Clay Harbor,2010,TE,PHI,4,125
Michael Hoomanawanui,2010,TE,STL,5,132
John Conner,2010,RB,NYJ,5,139
Andrew Quarless,2010,TE,GNB,5,154
John Skelton,2010,QB,ARI,5,155
David Reed,2010,WR,BAL,5,156
Riley Cooper,2010,WR,PHI,5,159
Brody Eldridge,2010,TE,IND,5,162
Kerry Meier,2010,WR,ATL,5,165
Jonathan Crompton,2010,QB,SDG,5,168
Fendi Onobun,2010,TE,STL,6,170
Anthony Dixon,2010,RB,SFO,6,173
Dennis Morris,2010,RB,WAS,6,174
Rusty Smith,2010,QB,TEN,6,176
Carlton Mitchell,2010,WR,CLE,6,177
Deji Karim,2010,RB,JAX,6,180
Dan LeFevour,2010,QB,CHI,6,181
Nate Byham,2010,TE,SFO,6,182
Anthony McCoy,2010,TE,SEA,6,185
Jonathan Dwyer,2010,RB,PIT,6,188
Dezmon Briscoe,2010,WR,CIN,6,191
James Starks,2010,RB,GNB,6,193
Antonio Brown,2010,WR,PIT,6,195
Trindon Holliday,2010,WR,HOU,6,197
David Gettis,2010,WR,CAR,6,198
Joe Webb,2010,WR,MIN,6,199
Charles Scott,2010,RB,PHI,6,200
Tony Pike,2010,QB,CAR,6,204
Kyle Williams,2010,WR,SFO,6,206
Levi Brown,2010,QB,BUF,7,209
Mickey Shuler,2010,TE,MIN,7,214
Terrence Austin,2010,WR,WAS,7,219
Marc Mariani,2010,WR,TEN,7,222
Dorin Dickerson,2010,WR,HOU,7,227
Jim Dray,2010,TE,ARI,7,233
Dedrick Epps,2010,TE,SDG,7,235
Ryan D'Imperio,2010,RB,MIN,7,237
Sean Canfield,2010,QB,NOR,7,239
Jameson Konz,2010,TE,SEA,7,245
Zac Robinson,2010,QB,NWE,7,250
Tim Toone,2010,WR,DET,7,255
Cam Newton,2011,QB,CAR,1,1
A.J. Green,2011,WR,CIN,1,4
Julio Jones,2011,WR,ATL,1,6
Jake Locker,2011,QB,TEN,1,8
Blaine Gabbert,2011,QB,JAX,1,10
Christian Ponder,2011,QB,MIN,1,12
Jonathan Baldwin,2011,WR,KAN,1,26
Mark Ingram,2011,RB,NOR,1,28
Andy Dalton,2011,QB,CIN,2,35
Colin Kaepernick,2011,QB,SFO,2,36
Ryan Williams,2011,RB,ARI,2,38
Kyle Rudolph,2011,TE,MIN,2,43
Titus Young,2011,WR,DET,2,44
Lance Kendricks,2011,TE,STL,2,47
Shane Vereen,2011,RB,NWE,2,56
Mikel Leshoure,2011,RB,DET,2,57
Torrey Smith,2011,WR,BAL,2,58
Greg Little,2011,WR,CLE,2,59
Daniel Thomas,2011,RB,MIA,2,62
Randall Cobb,2011,WR,GNB,2,64
Rob Housler,2011,TE,ARI,3,69
DeMarco Murray,2011,RB,DAL,3,71
Stevan Ridley,2011,RB,NWE,3,73
Ryan Mallett,2011,QB,NWE,3,74
Austin Pettis,2011,WR,STL,3,78
Leonard Hankerson,2011,WR,WAS,3,79
Vincent Brown,2011,WR,SDG,3,82
Jerrel Jernigan,2011,WR,NYG,3,83
Alex Green,2011,RB,GNB,3,96
Jordan Cameron,2011,TE,CLE,4,102
Luke Stocker,2011,TE,TAM,4,104
Roy Helu,2011,RB,WAS,4,105
Kris Durham,2011,WR,SEA,4,107
Clyde Gates,2011,WR,MIA,4,111
Greg Salas,2011,WR,STL,4,112
Cecil Shorts,2011,WR,JAX,4,114
Kendall Hunter,2011,RB,SFO,4,115
Delone Carter,2011,RB,IND,4,119
Alex Henery,2011,K,PHI,4,120
Tandon Doss,2011,WR,BAL,4,123
Owen Marecic,2011,RB,CLE,4,124
Taiwan Jones,2011,RB,OAK,4,125
Bilal Powell,2011,RB,NYJ,4,126
Julius Thomas,2011,TE,DEN,4,129
Jamie Harper,2011,RB,TEN,4,130
Kealoha Pilares,2011,WR,CAR,5,132
Johnny White,2011,RB,BUF,5,133
Ricky Stanzi,2011,QB,KAN,5,135
Anthony Sherman,2011,RB,ARI,5,136
D.J. Williams,2011,TE,GNB,5,141
Jacquizz Rodgers,2011,RB,ATL,5,145
Denarius Moore,2011,WR,OAK,5,148
Dion Lewis,2011,RB,PHI,5,149
T.J. Yates,2011,QB,HOU,5,152
Jeremy Kerley,2011,WR,NYJ,5,153
Niles Paul,2011,WR,WAS,5,155
Lee Smith,2011,TE,NWE,5,159
Nathan Enderle,2011,QB,CHI,5,160
Ryan Whalen,2011,WR,CIN,6,167
Charles Clay,2011,TE,MIA,6,174
Dwayne Harris,2011,WR,DAL,6,176
Evan Royster,2011,RB,WAS,6,177
Aldrick Robinson,2011,WR,WAS,6,178
Tyrod Taylor,2011,QB,BAL,6,180
Richard Gordon,2011,TE,OAK,6,181
Ronald Johnson,2011,WR,SFO,6,182
Jordan Todman,2011,RB,SDG,6,183
Allen Bradford,2011,RB,TAM,6,187
Matthew Bosher,2011,K,ATL,6,192
Virgil Green,2011,TE,DEN,7,204
Greg McElroy,2011,QB,NYJ,7,208
Ryan Taylor,2011,TE,GNB,7,218
Shaun Chapas,2011,RB,DAL,7,220
Da'Rel Scott,2011,RB,NYG,7,221
Shane Bannon,2011,RB,KAN,7,223
Anthony Allen,2011,RB,BAL,7,225
Scotty McKnight,2011,WR,NYJ,7,227
Baron Batch,2011,RB,PIT,7,232
Stephen Burton,2011,WR,MIN,7,236
Daniel Hardy,2011,TE,TAM,7,238
Stanley Havili,2011,RB,PHI,7,240
David Ausberry,2011,WR,OAK,7,241
Jay Finley,2011,RB,CIN,7,246
DeMarco Sampson,2011,WR,ARI,7,249
Andrew Luck,2012,QB,IND,1,1
Robert Griffin III,2012,QB,WAS,1,2
Trent Richardson,2012,RB,CLE,1,3
Justin Blackmon,2012,WR,JAX,1,5
Ryan Tannehill,2012,QB,MIA,1,8
Michael Floyd,2012,WR,ARI,1,13
Kendall Wright,2012,WR,TEN,1,20
Brandon Weeden,2012,QB,CLE,1,22
A.J. Jenkins,2012,WR,SFO,1,30
Doug Martin,2012,RB,TAM,1,31
David Wilson,2012,RB,NYG,1,32
Brian Quick,2012,WR,STL,2,33
Coby Fleener,2012,TE,IND,2,34
Stephen Hill,2012,WR,NYJ,2,43
Alshon Jeffery,2012,WR,CHI,2,45
Isaiah Pead,2012,RB,STL,2,50
Ryan Broyles,2012,WR,DET,2,54
Brock Osweiler,2012,QB,DEN,2,57
LaMichael James,2012,RB,SFO,2,61
Rueben Randle,2012,WR,NYG,2,63
Dwayne Allen,2012,TE,IND,3,64
Ronnie Hillman,2012,RB,DEN,3,67
DeVier Posey,2012,WR,HOU,3,68
T.J. Graham,2012,WR,BUF,3,69
Russell Wilson,2012,QB,SEA,3,75
Michael Egnew,2012,TE,MIA,3,78
Mohamed Sanu,2012,WR,CIN,3,83
Bernard Pierce,2012,RB,BAL,3,84
Nick Foles,2012,QB,PHI,3,88
T.Y. Hilton,2012,WR,IND,3,92
Chris Givens,2012,WR,STL,4,96
Lamar Miller,2012,RB,MIA,4,97
Travis Benjamin,2012,WR,CLE,4,100
Kirk Cousins,2012,QB,WAS,4,102
Joe Adams,2012,WR,CAR,4,104
Robert Turbin,2012,RB,SEA,4,106
Devon Wylie,2012,WR,KAN,4,107
Ladarius Green,2012,TE,SDG,4,110
Evan Rodriguez,2012,TE,CHI,4,111
Orson Charles,2012,TE,CIN,4,116
Jarius Wright,2012,WR,MIN,4,118
Keshawn Martin,2012,WR,HOU,4,121
Nick Toon,2012,WR,NOR,4,122
Adrien Robinson,2012,TE,NYG,4,127
Rhett Ellison,2012,RB,MIN,4,128
Greg Childs,2012,WR,MIN,4,134
Taylor Thompson,2012,TE,TEN,5,145
Danny Coale,2012,WR,DAL,5,152
Bradie Ewing,2012,RB,ATL,5,157
Chris Rainey,2012,RB,PIT,5,159
Randy Bullock,2012,K,HOU,5,161
Marvin Jones,2012,WR,CIN,5,166
Juron Criner,2012,WR,OAK,5,168
Vick Ballard,2012,RB,IND,5,170
Greg Zuerlein,2012,K,STL,6,171
Alfred Morris,2012,RB,WAS,6,173
Blair Walsh,2012,K,MIN,6,175
Cyrus Gray,2012,RB,KAN,6,182
B.J. Cunningham,2012,WR,MIA,6,183
Ryan Lindley,2012,QB,ARI,6,185
James Hanna,2012,TE,DAL,6,186
Dan Herron,2012,RB,CIN,6,191
Marvin McNutt,2012,WR,PHI,6,194
Tommy Streeter,2012,WR,BAL,6,198
Terrance Ganaway,2012,RB,NYJ,6,202
LaVon Brazill,2012,WR,IND,6,206
Michael Smith,2012,RB,TAM,7,212
Rishard Matthews,2012,WR,MIA,7,227
Bryce Brown,2012,RB,PHI,7,229
Toney Clemons,2012,WR,PIT,7,231
Drake Dunsmore,2012,TE,TAM,7,233
Jeremy Ebert,2012,WR,NWE,7,235
Junior Hemingway,2012,WR,KAN,7,238
David Paulson,2012,TE,PIT,7,240
B.J. Coleman,2012,QB,GNB,7,243
Jordan White,2012,WR,NYJ,7,244
Brad Smelley,2012,TE,CLE,7,247
Edwin Baker,2012,RB,SDG,7,250
John Potter,2012,K,BUF,7,251
Daryl Richardson,2012,RB,STL,7,252
Chandler Harnish,2012,QB,IND,7,253
Tavon Austin,2013,WR,STL,1,8
EJ Manuel,2013,QB,BUF,1,16
Tyler Eifert,2013,TE,CIN,1,21
DeAndre Hopkins,2013,WR,HOU,1,27
Cordarrelle Patterson,2013,WR,MIN,1,29
Justin Hunter,2013,WR,TEN,2,34
Zach Ertz,2013,TE,PHI,2,35
Giovani Bernard,2013,RB,CIN,2,37
Geno Smith,2013,QB,NYJ,2,39
Robert Woods,2013,WR,BUF,2,41
Gavin Escobar,2013,TE,DAL,2,47
Le'Veon Bell,2013,RB,PIT,2,48
Vance McDonald,2013,TE,SFO,2,55
Montee Ball,2013,RB,DEN,2,58
Aaron Dobson,2013,WR,NWE,2,59
Eddie Lacy,2013,RB,GNB,2,61
Christine Michael,2013,RB,SEA,2,62
Travis Kelce,2013,TE,KAN,3,63
Mike Glennon,2013,QB,TAM,3,73
Terrance Williams,2013,WR,DAL,3,74
Keenan Allen,2013,WR,SDG,3,76
Marquise Goodwin,2013,WR,BUF,3,78
Markus Wheaton,2013,WR,PIT,3,79
Jordan Reed,2013,TE,WAS,3,85
Stedman Bailey,2013,WR,STL,3,92
Knile Davis,2013,RB,KAN,3,96
Matt Barkley,2013,QB,PHI,4,98
Ace Sanders,2013,WR,JAX,4,101
Josh Boyce,2013,WR,NWE,4,102
Dion Sims,2013,TE,MIA,4,106
Ryan Nassib,2013,QB,NYG,4,110
Tyler Wilson,2013,QB,OAK,4,112
Landry Jones,2013,QB,PIT,4,115
Chris Harper,2013,WR,SEA,4,123
Johnathan Franklin,2013,RB,GNB,4,125
Quinton Patton,2013,WR,SFO,4,128
Kyle Juszczyk,2013,RB,BAL,4,130
Marcus Lattimore,2013,RB,SFO,4,131
Levine Toilolo,2013,TE,ATL,4,133
Denard Robinson,2013,WR,JAX,5,135
Stepfan Taylor,2013,RB,ARI,5,140
Kenny Stills,2013,WR,NOR,5,144
Joseph Randle,2013,RB,DAL,5,151
Chris Thompson,2013,RB,WAS,5,154
Luke Willson,2013,TE,SEA,5,158
Zac Stacy,2013,RB,STL,5,160
Tavarres King,2013,WR,DEN,5,161
Mike Gillislee,2013,RB,MIA,5,164
Caleb Sturgis,2013,K,MIA,5,166
Corey Fuller,2013,WR,DET,6,171
Nick Kasa,2013,TE,OAK,6,172
Ryan Swope,2013,WR,ARI,6,174
Dustin Hopkins,2013,K,BUF,6,177
Latavius Murray,2013,RB,OAK,6,181
Kenjon Barner,2013,RB,CAR,6,182
Mychal Rivera,2013,TE,OAK,6,184
Justin Brown,2013,WR,PIT,6,186
Andre Ellington,2013,RB,ARI,6,187
Mike James,2013,RB,TAM,6,189
Rex Burkhead,2013,RB,CIN,6,190
Spencer Ware,2013,RB,SEA,6,194
Alan Bonner,2013,WR,HOU,6,195
Cobi Hamilton,2013,WR,CIN,6,197
Theo Riddick,2013,RB,DET,6,199
Ryan Griffin,2013,TE,HOU,6,201
Braden Wilson,2013,RB,KAN,6,204
Brice Butler,2013,WR,OAK,7,209
Michael Williams,2013,TE,DET,7,211
Tommy Bohanon,2013,RB,NYJ,7,215
Charles Johnson,2013,WR,GNB,7,216
D.C. Jefferson,2013,TE,ARI,7,219
Brad Sorensen,2013,QB,SDG,7,221
Chris Gragg,2013,TE,BUF,7,222
Kevin Dorsey,2013,WR,GNB,7,224
Jawan Jamison,2013,RB,WAS,7,228
Kerwynn Williams,2013,RB,IND,7,230
Zac Dysert,2013,QB,DEN,7,234
Marquess Wilson,2013,WR,CHI,7,236
B.J. Daniels,2013,QB,SFO,7,237
Aaron Mellette,2013,WR,BAL,7,238
Sean Renfree,2013,QB,ATL,7,249
Michael Cox,2013,RB,NYG,7,253
Justice Cunningham,2013,TE,IND,7,254
Blake Bortles,2014,QB,JAX,1,3
Sammy Watkins,2014,WR,BUF,1,4
Mike Evans,2014,WR,TAM,1,7
Eric Ebron,2014,TE,DET,1,10
Odell Beckham Jr.,2014,WR,NYG,1,12
Brandin Cooks,2014,WR,NOR,1,20
Johnny Manziel,2014,QB,CLE,1,22
Kelvin Benjamin,2014,WR,CAR,1,28
Teddy Bridgewater,2014,QB,MIN,1,32
Derek Carr,2014,QB,OAK,2,36
Austin Seferian-Jenkins,2014,TE,TAM,2,38
Marqise Lee,2014,WR,JAX,2,39
Jordan Matthews,2014,WR,PHI,2,42
Paul Richardson,2014,WR,SEA,2,45
Jace Amaro,2014,TE,NYJ,2,49
Troy Niklas,2014,TE,ARI,2,52
Davante Adams,2014,WR,GNB,2,53
Bishop Sankey,2014,RB,TEN,2,54
Jeremy Hill,2014,RB,CIN,2,55
Cody Latimer,2014,WR,DEN,2,56
Carlos Hyde,2014,RB,SFO,2,57
Allen Robinson,2014,WR,JAX,2,61
Jimmy Garoppolo,2014,QB,NWE,2,62
Jarvis Landry,2014,WR,MIA,2,63
C.J. Fiedorowicz,2014,TE,HOU,3,65
Charles Sims,2014,RB,TAM,3,69
Tre Mason,2014,RB,STL,3,75
Josh Huff,2014,WR,PHI,3,86
Donte Moncrief,2014,WR,IND,3,90
John Brown,2014,WR,ARI,3,91
Terrance West,2014,RB,CLE,3,94
Jerick McKinnon,2014,RB,MIN,3,96
Dri Archer,2014,WR,PIT,3,97
Richard Rodgers,2014,TE,GNB,3,98
Crockett Gillmore,2014,TE,BAL,3,99
Devonta Freeman,2014,RB,ATL,4,103
Jalen Saunders,2014,WR,NYJ,4,104
Bruce Ellington,2014,WR,SFO,4,106
Andre Williams,2014,RB,NYG,4,113
Shaquelle Evans,2014,WR,NYJ,4,115
Ka'Deem Carey,2014,RB,CHI,4,117
Martavis Bryant,2014,WR,PIT,4,118
Logan Thomas,2014,QB,ARI,4,120
Kevin Norwood,2014,WR,SEA,4,123
De'Anthony Thomas,2014,RB,KAN,4,124
James White,2014,RB,NWE,4,130
Tom Savage,2014,QB,HOU,4,135
Lorenzo Taliaferro,2014,RB,BAL,4,138
Ryan Grant,2014,WR,WAS,5,142
Devin Street,2014,WR,DAL,5,146
Arthur Lynch,2014,TE,MIA,5,155
Aaron Murray,2014,QB,KAN,5,163
A.J. McCarron,2014,QB,CIN,5,164
Jared Abbrederis,2014,WR,GNB,5,176
Zach Mettenberger,2014,QB,TEN,6,178
Alfred Blue,2014,RB,HOU,6,181
David Fales,2014,QB,CHI,6,183
Robert Herron,2014,WR,TAM,6,185
Lache Seastrunk,2014,RB,WAS,6,186
T.J. Jones,2014,WR,DET,6,189
Matt Hazel,2014,WR,MIA,6,190
Keith Wenning,2014,QB,BAL,6,194
Walt Powell,2014,WR,ARI,6,196
Marion Grice,2014,RB,SDG,6,201
Tyler Gaffney,2014,RB,CAR,6,204
Quincy Enunwa,2014,WR,NYJ,6,209
Jay Prosch,2014,RB,HOU,6,211
Tajh Boyd,2014,QB,NYJ,6,213
Garrett Gilbert,2014,QB,STL,6,214
Ted Bolser,2014,TE,WAS,7,217
Michael Campanaro,2014,WR,BAL,7,218
Storm Johnson,2014,RB,JAX,7,222
Kiero Small,2014,RB,SEA,7,227
Zach Hocker,2014,K,WAS,7,228
Nate Freese,2014,K,DET,7,229
Rob Blanchflower,2014,TE,PIT,7,230
Jeff Janis,2014,WR,GNB,7,236
James Wright,2014,WR,CIN,7,239
Tevin Reese,2014,WR,SDG,7,240
Jeremy Gallon,2014,WR,NWE,7,244
Trey Millard,2014,RB,SFO,7,245
Jameis Winston,2015,QB,TAM,1,1
Marcus Mariota,2015,QB,TEN,1,2
Amari Cooper,2015,WR,OAK,1,4
Kevin White,2015,WR,CHI,1,7
Todd Gurley,2015,RB,STL,1,10
DeVante Parker,2015,WR,MIA,1,14
Melvin Gordon,2015,RB,SDG,1,15
Nelson Agholor,2015,WR,PHI,1,20
Breshad Perriman,2015,WR,BAL,1,26
Phillip Dorsett,2015,WR,IND,1,29
T.J. Yeldon,2015,RB,JAX,2,36
Devin Smith,2015,WR,NYJ,2,37
Dorial Green-Beckham,2015,WR,TEN,2,40
Devin Funchess,2015,WR,CAR,2,41
Ameer Abdullah,2015,RB,DET,2,54
Maxx Williams,2015,TE,BAL,2,55
Clive Walford,2015,TE,OAK,3,68
Tyler Lockett,2015,WR,SEA,3,69
Jaelen Strong,2015,WR,HOU,3,70
Tevin Coleman,2015,RB,ATL,3,73
Garrett Grayson,2015,QB,NOR,3,75
Chris Conley,2015,WR,KAN,3,76
Duke Johnson,2015,RB,CLE,3,77
Tyler Kroft,2015,TE,CIN,3,85
David Johnson,2015,RB,ARI,3,86
Sammie Coates,2015,WR,PIT,3,87
Sean Mannion,2015,QB,STL,3,89
Jeff Heuerman,2015,TE,DEN,3,92
Ty Montgomery,2015,WR,GNB,3,94
Matt Jones,2015,RB,WAS,3,95
Bryce Petty,2015,QB,NYJ,4,103
Jamison Crowder,2015,WR,WAS,4,105
Jeremy Langford,2015,RB,CHI,4,106
Justin Hardy,2015,WR,ATL,4,107
Jalston Fowler,2015,RB,TEN,4,108
Blake Bell,2015,TE,SFO,4,117
Vince Mayle,2015,WR,CLE,4,123
Javorius Allen,2015,RB,BAL,4,125
Mike Davis,2015,RB,SFO,4,126
DeAndre Smelter,2015,WR,SFO,4,132
David Cobb,2015,RB,TEN,5,138
Rashad Greene,2015,WR,JAX,5,139
MyCole Pruitt,2015,TE,MIN,5,143
Stefon Diggs,2015,WR,MIN,5,146
Brett Hundley,2015,QB,GNB,5,147
Jay Ajayi,2015,RB,MIA,5,149
Karlos Williams,2015,RB,BUF,5,155
Tony Lippett,2015,WR,MIA,5,156
C.J. Uzomah,2015,TE,CIN,5,157
JJ Nelson,2015,WR,ARI,5,159
Jesse James,2015,TE,PIT,5,160
Kenny Bell,2015,WR,TAM,5,162
Michael Burton,2015,RB,DET,5,168
Nick Boyle,2015,TE,BAL,5,171
James O'Shaughnessy,2015,TE,KAN,5,173
Cameron Artis-Payne,2015,RB,CAR,5,174
Keith Mumphery,2015,WR,HOU,5,175
Kaelin Clay,2015,WR,TAM,6,184
Geremy Davis,2015,WR,NYG,6,186
Evan Spencer,2015,WR,WAS,6,187
Nick O'Leary,2015,TE,BUF,6,194
Malcolm Johnson,2015,TE,CLE,6,195
Randall Telfer,2015,TE,CLE,6,198
Bud Sasser,2015,WR,STL,6,201
A.J. Derby,2015,TE,NWE,6,202
Darren Waller,2015,WR,BAL,6,204
Josh Robinson,2015,RB,IND,6,205
Aaron Ripkowski,2015,RB,GNB,6,206
Kennard Backman,2015,TE,GNB,6,213
Neal Sterling,2015,WR,JAX,7,220
Andre Debose,2015,WR,OAK,7,221
Ben Koyack,2015,TE,JAX,7,229
Marcus Murphy,2015,RB,NOR,7,230
Joey Iosefa,2015,RB,TAM,7,231
Da'Ron Brown,2015,WR,KAN,7,233
Dezmin Lewis,2015,WR,BUF,7,234
Kenny Hilliard,2015,RB,HOU,7,235
Mario Alford,2015,WR,CIN,7,238
Tre McBride,2015,WR,TEN,7,245
Geoff Swaim,2015,TE,DAL,7,246
Trevor Siemian,2015,QB,DEN,7,250
Rory Anderson,2015,TE,SFO,7,254
Gerald Christian,2015,TE,ARI,7,256
Jared Goff,2016,QB,LAR,1,1
Carson Wentz,2016,QB,PHI,1,2
Ezekiel Elliott,2016,RB,DAL,1,4
Corey Coleman,2016,WR,CLE,1,15
Will Fuller,2016,WR,HOU,1,21
Josh Doctson,2016,WR,WAS,1,22
Laquon Treadwell,2016,WR,MIN,1,23
Paxton Lynch,2016,QB,DEN,1,26
Hunter Henry,2016,TE,SDG,2,35
Sterling Shepard,2016,WR,NYG,2,40
Derrick Henry,2016,RB,TEN,2,45
Michael Thomas,2016,WR,NOR,2,47
Christian Hackenberg,2016,QB,NYJ,2,51
Tyler Boyd,2016,WR,CIN,2,55
Roberto Aguayo,2016,K,TAM,2,59
Kenyan Drake,2016,RB,MIA,3,73
Austin Hooper,2016,TE,ATL,3,81
Braxton Miller,2016,WR,HOU,3,85
Leonte Carroo,2016,WR,MIA,3,86
C.J. Prosise,2016,RB,SEA,3,90
Jacoby Brissett,2016,QB,NWE,3,91
Cody Kessler,2016,QB,CLE,3,93
Nick Vannett,2016,TE,SEA,3,94
Connor Cook,2016,QB,OAK,4,100
Chris Moore,2016,WR,BAL,4,107
Tyler Higbee,2016,TE,LAR,4,110
Malcolm Mitchell,2016,WR,NWE,4,112
Ricardo Louis,2016,WR,CLE,4,114
Pharoh Cooper,2016,WR,LAR,4,117
Tyler Ervin,2016,RB,HOU,4,119
Demarcus Robinson,2016,WR,KAN,4,126
Kenneth Dixon,2016,RB,BAL,4,134
Dak Prescott,2016,QB,DAL,4,135
Devontae Booker,2016,RB,DEN,4,136
Seth Devalve,2016,TE,CLE,4,138
Cardale Jones,2016,QB,BUF,4,139
Tajae Sharpe,2016,WR,TEN,5,140
DeAndre Washington,2016,RB,OAK,5,143
Paul Perkins,2016,RB,NYG,5,149
Jordan Howard,2016,RB,CHI,5,150
Wendell Smallwood,2016,RB,PHI,5,153
Jordan Payton,2016,WR,CLE,5,154
Jonathan Williams,2016,RB,BUF,5,156
Kevin Hogan,2016,QB,KAN,5,162
Trevor Davis,2016,WR,GNB,5,163
Tyreek Hill,2016,WR,KAN,5,165
Alex Collins,2016,RB,SEA,5,171
Rashard Higgins,2016,WR,CLE,5,172
Andy Janovich,2016,RB,DEN,6,176
Temarrick Hemingway,2016,TE,LAR,6,177
Moritz Boehringer,2016,WR,MIN,6,180
Keenan Reynolds,2016,RB,BAL,6,182
Jerell Adams,2016,TE,NYG,6,184
Jakeem Grant,2016,WR,MIA,6,186
Nate Sudfeld,2016,QB,WAS,6,187
David Morgan,2016,TE,MIN,6,188
Jake Rudock,2016,QB,DET,6,191
Kolby Listenbee,2016,WR,BUF,6,192
Danny Vitale,2016,RB,TAM,6,197
Derek Watt,2016,RB,SDG,6,198
Cody Core,2016,WR,CIN,6,199
Brandon Allen,2016,QB,JAX,6,201
Mike Thomas,2016,WR,LAR,6,206
Jeff Driskel,2016,QB,SFO,6,207
Kelvin Taylor,2016,RB,SFO,6,211
Aaron Burbridge,2016,WR,SFO,6,213
Darius Jackson,2016,RB,DAL,6,216
Rico Gathers,2016,TE,DAL,6,217
Brandon Doughty,2016,QB,MIA,7,223
Devin Lucien,2016,WR,NWE,7,225
Demarcus Ayers,2016,WR,PIT,7,229
Daniel Braverman,2016,WR,CHI,7,230
Thomas Duarte,2016,TE,MIA,7,231
Dwayne Washington,2016,RB,DET,7,236
Daniel Lasco,2016,RB,NOR,7,237
Devin Fuller,2016,WR,ATL,7,238
Charone Peake,2016,WR,NYJ,7,241
Keith Marshall,2016,RB,WAS,7,242
Kenny Lawler,2016,WR,SEA,7,243
Zac Brooks,2016,RB,SEA,7,247
Beau Sandland,2016,TE,CAR,7,252
Mitchell Trubisky,2017,QB,CHI,1,2
Leonard Fournette,2017,RB,JAX,1,4
Corey Davis,2017,WR,TEN,1,5
Mike Williams,2017,WR,LAC,1,7
Christian McCaffrey,2017,RB,CAR,1,8
John Ross,2017,WR,CIN,1,9
Patrick Mahomes,2017,QB,KAN,1,10
Deshaun Watson,2017,QB,HOU,1,12
O.J. Howard,2017,TE,TAM,1,19
Evan Engram,2017,TE,NYG,1,23
David Njoku,2017,TE,CLE,1,29
Zay Jones,2017,WR,BUF,2,37
Curtis Samuel,2017,WR,CAR,2,40
Dalvin Cook,2017,RB,MIN,2,41
Gerald Everett,2017,TE,LAR,2,44
Adam Shaheen,2017,TE,CHI,2,45
Joe Mixon,2017,RB,CIN,2,48
DeShone Kizer,2017,QB,CLE,2,52
JuJu Smith-Schuster,2017,WR,PIT,2,62
Alvin Kamara,2017,RB,NOR,3,67
Cooper Kupp,2017,WR,LAR,3,69
Taywan Taylor,2017,WR,TEN,3,72
ArDarius Stewart,2017,WR,NYJ,3,79
Carlos Henderson,2017,WR,DEN,3,82
Chris Godwin,2017,WR,TAM,3,84
Kareem Hunt,2017,RB,KAN,3,86
Davis Webb,2017,QB,NYG,3,87
D'Onta Foreman,2017,RB,HOU,3,89
Kenny Golladay,2017,WR,DET,3,96
Chad Williams,2017,WR,ARI,3,98
Jonnu Smith,2017,TE,TEN,3,100
C.J. Beathard,2017,QB,SFO,3,104
James Conner,2017,RB,PIT,3,105
Amara Darboh,2017,WR,SEA,3,106
Dede Westbrook,2017,WR,JAX,4,110
Samaje Perine,2017,RB,WAS,4,114
Josh Reynolds,2017,WR,LAR,4,117
Mack Hollins,2017,WR,PHI,4,118
Tarik Cohen,2017,RB,CHI,4,119
Joe Williams,2017,RB,SFO,4,121
Michael Roberts,2017,TE,DET,4,127
Josh Malone,2017,WR,CIN,4,128
Donnel Pumphrey,2017,RB,PHI,4,132
Ryan Switzer,2017,WR,DAL,4,133
Jamaal Williams,2017,RB,GNB,4,134
Joshua Dobbs,2017,QB,PIT,4,135
Jehu Chesson,2017,WR,KAN,4,139
Wayne Gallman,2017,RB,NYG,4,140
Chad Hansen,2017,WR,NYJ,4,141
Marlon Mack,2017,RB,IND,4,143
Jake Butt,2017,TE,DEN,5,145
George Kittle,2017,TE,SFO,5,146
Jordan Leggett,2017,TE,NYJ,5,150
Jake Elliott,2017,K,CIN,5,153
Jeremy Sprinkle,2017,TE,WAS,5,154
Brian Hill,2017,RB,ATL,5,156
Jeremy McNichols,2017,RB,TAM,5,162
Shelton Gibson,2017,WR,PHI,5,166
Rodney Adams,2017,WR,MIN,5,170
Nathan Peterman,2017,QB,BUF,5,171
Isaiah McKenzie,2017,WR,DEN,5,172
Eric Saubert,2017,TE,ATL,5,174
DeAngelo Yancey,2017,WR,GNB,5,175
Trent Taylor,2017,WR,SFO,5,177
T.J. Logan,2017,RB,ARI,5,179
Aaron Jones,2017,RB,GNB,5,182
Elijah McGuire,2017,RB,NYJ,6,188
Alex Armah,2017,RB,CAR,6,192
Bucky Hodges,2017,TE,MIN,6,201
De'Angelo Henderson,2017,RB,DEN,6,203
Sam Rogers,2017,RB,LAR,6,206
Brandon Wilson,2017,RB,CIN,6,207
Robert Davis,2017,WR,WAS,6,209
Brad Kaaya,2017,QB,DET,6,215
Stacy Coley,2017,WR,MIN,7,219
Zane Gonzalez,2017,K,CLE,7,224
David Moore,2017,WR,SEA,7,226
Harrison Butker,2017,K,CAR,7,233
Isaiah Ford,2017,WR,MIA,7,237
Devante Mays,2017,RB,GNB,7,238
Noah Brown,2017,WR,DAL,7,239
Marquez Williams,2017,RB,JAX,7,240
Khalfani Muhammad,2017,RB,TEN,7,241
Elijah Hood,2017,RB,OAK,7,242
Malachi Dupre,2017,WR,GNB,7,247
Chris Carson,2017,RB,SEA,7,249
Mason Schreck,2017,TE,CIN,7,251
Matthew Dayes,2017,RB,CLE,7,252
Chad Kelly,2017,QB,DEN,7,253
Baker Mayfield,2018,QB,CLE,1,1
Saquon Barkley,2018,RB,NYG,1,2
Sam Darnold,2018,QB,NYJ,1,3
Josh Allen,2018,QB,BUF,1,7
Josh Rosen,2018,QB,ARI,1,10
D.J. Moore,2018,WR,CAR,1,24
Hayden Hurst,2018,TE,BAL,1,25
Calvin Ridley,2018,WR,ATL,1,26
Rashaad Penny,2018,RB,SEA,1,27
Sony Michel,2018,RB,NWE,1,31
Lamar Jackson,2018,QB,BAL,1,32
Nick Chubb,2018,RB,CLE,2,35
Ronald Jones II,2018,RB,TAM,2,38
Courtland Sutton,2018,WR,DEN,2,40
Mike Gesicki,2018,TE,MIA,2,42
Kerryon Johnson,2018,RB,DET,2,43
Dante Pettis,2018,WR,SFO,2,44
Christian Kirk,2018,WR,ARI,2,47
Dallas Goedert,2018,TE,PHI,2,49
Anthony Miller,2018,WR,CHI,2,51
Derrius Guice,2018,RB,WAS,2,59
James Washington,2018,WR,PIT,2,60
DJ Chark,2018,WR,JAX,2,61
Royce Freeman,2018,RB,DEN,3,71
Mason Rudolph,2018,QB,PIT,3,76
Michael Gallup,2018,WR,DAL,3,81
Mark Andrews,2018,TE,BAL,3,86
Tre'Quan Smith,2018,WR,NOR,3,91
Jordan Akins,2018,TE,HOU,3,98
Ian Thomas,2018,TE,CAR,4,101
Keke Coutee,2018,WR,HOU,4,103
Nyheim Hines,2018,RB,IND,4,104
Antonio Callaway,2018,WR,CLE,4,105
Chris Herndon,2018,TE,NYJ,4,107
Kyle Lauletta,2018,QB,NYG,4,108
Mark Walton,2018,RB,CIN,4,112
DaeSean Hamilton,2018,WR,DEN,4,113
Will Dissly,2018,TE,SEA,4,120
Durham Smythe,2018,TE,MIA,4,123
Ito Smith,2018,RB,ATL,4,126
Kalen Ballage,2018,RB,MIA,4,131
Jaleel Scott,2018,WR,BAL,4,132
J'Mon Moore,2018,WR,GNB,4,133
Chase Edmonds,2018,RB,ARI,4,134
Dalton Schultz,2018,TE,DAL,4,137
Justin Watson,2018,WR,TAM,5,144
Troy Fumagalli,2018,TE,DEN,5,156
Tyler Conklin,2018,TE,MIN,5,157
Daurice Fountain,2018,WR,IND,5,159
Jordan Lasley,2018,WR,BAL,5,162
Jaylen Samuels,2018,TE,PIT,5,165
Daniel Carlson,2018,K,MIN,5,167
Jordan Wilkins,2018,RB,IND,5,169
Mike White,2018,QB,DAL,5,171
Marquez Valdes-Scantling,2018,WR,GNB,5,174
Damion Ratley,2018,WR,CLE,6,175
John Kelly,2018,RB,LAR,6,176
Deon Cain,2018,WR,IND,6,185
Ray-Ray McCloud,2018,WR,BUF,6,187
Dylan Cantrell,2018,WR,LAC,6,191
Russell Gage,2018,WR,ATL,6,194
Tremon Smith,2018,WR,KAN,6,196
Luke Falk,2018,QB,TEN,6,199
Boston Scott,2018,RB,NOR,6,201
Tanner Lee,2018,QB,JAX,6,203
Trenton Cannon,2018,RB,NYJ,6,204
Equanimeous St. Brown,2018,WR,GNB,6,207
Cedrick Wilson Jr.,2018,WR,DAL,6,208
Braxton Berrios,2018,WR,NWE,6,210
Jordan Thomas,2018,TE,HOU,6,211
Danny Etling,2018,QB,NWE,7,219
Alex McGough,2018,QB,SEA,7,220
Javon Wims,2018,WR,CHI,7,224
David Williams,2018,RB,DEN,7,226
Marcell Ateman,2018,WR,OAK,7,228
Jason Sanders,2018,K,MIA,7,229
Bo Scarbrough,2018,RB,DAL,7,236
Nick Bawden,2018,RB,DET,7,237
Richie James,2018,WR,SFO,7,240
Logan Woodside,2018,QB,CIN,7,249
Ryan Izzo,2018,TE,NWE,7,250
Justin Jackson,2018,RB,LAC,7,251
Auden Tate,2018,WR,CIN,7,253
Austin Proehl,2018,WR,BUF,7,255
Trey Quinn,2018,WR,WAS,7,256
Kyler Murray,2019,QB,ARI,1,1
Daniel Jones,2019,QB,NYG,1,6
T.J. Hockenson,2019,TE,DET,1,8
Dwayne Haskins,2019,QB,WAS,1,15
Noah Fant,2019,TE,DEN,1,20
Josh Jacobs,2019,RB,OAK,1,24
Marquise Brown,2019,WR,BAL,1,25
N'Keal Harry,2019,WR,NWE,1,32
Deebo Samuel,2019,WR,SFO,2,36
Drew Lock,2019,QB,DEN,2,42
Irv Smith Jr.,2019,TE,MIN,2,50
A.J. Brown,2019,WR,TEN,2,51
Drew Sample,2019,TE,CIN,2,52
Miles Sanders,2019,RB,PHI,2,53
Mecole Hardman,2019,WR,KAN,2,56
JJ Arcega-Whiteside,2019,WR,PHI,2,57
Parris Campbell,2019,WR,IND,2,59
Andy Isabella,2019,WR,ARI,2,62
D.K. Metcalf,2019,WR,SEA,2,64
Diontae Johnson,2019,WR,PIT,3,66
Jalen Hurd,2019,WR,SFO,3,67
Josh Oliver,2019,TE,JAX,3,69
Darrell Henderson,2019,RB,LAR,3,70
David Montgomery,2019,RB,CHI,3,73
Devin Singletary,2019,RB,BUF,3,74
Jace Sternberger,2019,TE,GNB,3,75
Terry McLaurin,2019,WR,WAS,3,76
Kahale Warring,2019,TE,HOU,3,86
Damien Harris,2019,RB,NWE,3,87
Miles Boykin,2019,WR,BAL,3,93
Dawson Knox,2019,TE,BUF,3,96
Will Grier,2019,QB,CAR,3,100
Alexander Mattison,2019,RB,MIN,3,102
Hakeem Butler,2019,WR,ARI,4,103
Ryan Finley,2019,QB,CIN,4,104
Bryce Love,2019,RB,WAS,4,112
Justice Hill,2019,RB,BAL,4,113
Gary Jennings Jr,2019,WR,SEA,4,120
Trevon Wesco,2019,TE,NYJ,4,121
Benny Snell Jr.,2019,RB,PIT,4,122
Riley Ridley,2019,WR,CHI,4,126
Tony Pollard,2019,RB,DAL,4,128
Jarrett Stidham,2019,QB,NWE,4,133
Foster Moreau,2019,TE,OAK,4,137
Ryquell Armstead,2019,RB,JAX,5,140
Zach Gentry,2019,TE,PIT,5,141
Matt Gay,2019,K,TAM,5,145
Hunter Renfrow,2019,WR,OAK,5,149
Qadree Ollison,2019,RB,ATL,5,152
Jordan Scarlett,2019,RB,CAR,5,154
Easton Stick,2019,QB,LAC,5,166
Clayton Thorson,2019,QB,PHI,5,167
Austin Seibert,2019,K,CLE,5,170
Darius Slayton,2019,WR,NYG,5,171
KeeSean Johnson,2019,WR,ARI,6,174
Kaden Smith,2019,TE,SFO,6,176
Gardner Minshew II,2019,QB,JAX,6,178
Trayveon Williams,2019,RB,CIN,6,182
Travis Fulgham,2019,WR,DET,6,184
Ty Johnson,2019,RB,DET,6,186
Juwann Winfree,2019,WR,DEN,6,187
Dexter Williams,2019,RB,GNB,6,194
Trace McSorley,2019,QB,BAL,6,197
Marcus Green,2019,WR,ATL,6,203
Travis Homer,2019,RB,SEA,6,204
Kelvin Harmon,2019,WR,WAS,6,206
Scott Miller,2019,WR,TAM,6,208
Rodney Anderson,2019,RB,CIN,6,211
Darwin Thompson,2019,RB,KAN,6,214
Mike Weber,2019,RB,DAL,7,218
Cullen Gillaspia,2019,RB,HOU,7,220
Kerrith Whyte Jr,2019,RB,CHI,7,222
Isaac Nauta,2019,TE,DET,7,224
Tommy Sweeney,2019,TE,BUF,7,228
Alizé Mack,2019,TE,NOR,7,231
Chandler Cox,2019,RB,MIA,7,233
Myles Gaskin,2019,RB,MIA,7,234
John Ursua,2019,WR,SEA,7,236
Terry Godwin,2019,WR,CAR,7,237
Dillon Mitchell,2019,WR,MIN,7,239
Olabisi Johnson,2019,WR,MIN,7,247
Caleb Wilson,2019,TE,ARI,7,254
Joe Burrow,2020,QB,CIN,1,1
Tua Tagovailoa,2020,QB,MIA,1,5
Justin Herbert,2020,QB,LAC,1,6
Henry Ruggs III,2020,WR,LVR,1,12
Jerry Jeudy,2020,WR,DEN,1,15
CeeDee Lamb,2020,WR,DAL,1,17
Jalen Reagor,2020,WR,PHI,1,21
Justin Jefferson,2020,WR,MIN,1,22
Brandon Aiyuk,2020,WR,SFO,1,25
Jordan Love,2020,QB,GNB,1,26
Clyde Edwards-Helaire,2020,RB,KAN,1,32
Tee Higgins,2020,WR,CIN,2,33
Michael Pittman Jr.,2020,WR,IND,2,34
D'Andre Swift,2020,RB,DET,2,35
Jonathan Taylor,2020,RB,IND,2,41
Laviska Shenault Jr.,2020,WR,JAX,2,42
Cole Kmet,2020,TE,CHI,2,43
KJ Hamler,2020,WR,DEN,2,46
Chase Claypool,2020,WR,PIT,2,49
Cam Akers,2020,RB,LAR,2,52
Jalen Hurts,2020,QB,PHI,2,53
J.K. Dobbins,2020,RB,BAL,2,55
Van Jefferson,2020,WR,LAR,2,57
Denzel Mims,2020,WR,NYJ,2,59
AJ Dillon,2020,RB,GNB,2,62
Antonio Gibson,2020,RB,WAS,3,66
Ke'Shawn Vaughn,2020,RB,TAM,3,76
Lynn Bowden Jr.,2020,WR,LVR,3,80
Bryan Edwards,2020,WR,LVR,3,81
Zack Moss,2020,RB,BUF,3,86
Devin Asiasi,2020,TE,NWE,3,91
Devin Duvernay,2020,WR,BAL,3,92
Darrynton Evans,2020,RB,TEN,3,93
Josiah Deguara,2020,TE,GNB,3,94
Dalton Keene,2020,TE,NWE,3,101
Adam Trautman,2020,TE,NOR,3,105
Joshua Kelley,2020,RB,LAC,4,112
Harrison Bryant,2020,TE,CLE,4,115
Albert Okwuegbunam,2020,TE,DEN,4,118
La'Mical Perine,2020,RB,NYJ,4,120
Jacob Eason,2020,QB,IND,4,122
Anthony McFarland Jr.,2020,RB,PIT,4,124
James Morgan,2020,QB,NYJ,4,125
Gabe Davis,2020,WR,BUF,4,128
Colby Parkinson,2020,TE,SEA,4,133
Brycen Hopkins,2020,TE,LAR,4,136
Antonio Gandy-Golden,2020,WR,WAS,4,142
DeeJay Dallas,2020,RB,SEA,4,144
Joe Reed,2020,WR,LAC,5,151
Justin Rohrwasser,2020,K,NWE,5,159
Tyler Johnson,2020,WR,TAM,5,161
Collin Johnson,2020,WR,JAX,5,165
Quintez Cephus,2020,WR,DET,5,166
Jake Fromm,2020,QB,BUF,5,167
John Hightower,2020,WR,PHI,5,168
Isaiah Coulter,2020,WR,HOU,5,171
Jason Huntley,2020,RB,DET,5,172
Darnell Mooney,2020,WR,CHI,5,173
K.J. Osborn,2020,WR,MIN,5,176
Donovan Peoples-Jones,2020,WR,CLE,6,187
Tyler Bass,2020,K,BUF,6,188
Jake Luton,2020,QB,JAX,6,189
Charlie Woerner,2020,TE,SFO,6,190
Quez Watkins,2020,WR,PHI,6,200
James Proche,2020,WR,BAL,6,201
Tyler Davis,2020,TE,JAX,6,206
Isaiah Hodgins,2020,WR,BUF,6,207
Dezmon Patmon,2020,WR,IND,6,212
Freddie Swain,2020,WR,SEA,6,214
Jauan Jennings,2020,WR,SFO,7,217
K.J. Hill,2020,WR,LAC,7,220
Eno Benjamin,2020,RB,ARI,7,222
Cole McDonald,2020,QB,TEN,7,224
Ben DiNucci,2020,QB,DAL,7,231
Tommy Stevens,2020,QB,NOR,7,240
Nate Stanley,2020,QB,MIN,7,244
Raymond Calais,2020,RB,TAM,7,245
Malcolm Perry,2020,RB,MIA,7,246
Sam Sloman,2020,K,LAR,7,248
Stephen Sullivan,2020,TE,SEA,7,251
Tyrie Cleveland,2020,WR,DEN,7,252
Trevor Lawrence,2021,QB,JAX,1,1
Zach Wilson,2021,QB,NYJ,1,2
Trey Lance,2021,QB,SFO,1,3
Kyle Pitts,2021,TE,ATL,1,4
Ja'Marr Chase,2021,WR,CIN,1,5
Jaylen Waddle,2021,WR,MIA,1,6
DeVonta Smith,2021,WR,PHI,1,10
Justin Fields,2021,QB,CHI,1,11
Mac Jones,2021,QB,NWE,1,15
Kadarius Toney,2021,WR,NYG,1,20
Najee Harris,2021,RB,PIT,1,24
Travis Etienne,2021,RB,JAX,1,25
Rashod Bateman,2021,WR,BAL,1,27
Elijah Moore,2021,WR,NYJ,2,34
Javonte Williams,2021,RB,DEN,2,35
Rondale Moore,2021,WR,ARI,2,49
Pat Freiermuth,2021,TE,PIT,2,55
D'Wayne Eskridge,2021,WR,SEA,2,56
Tutu Atwell,2021,WR,LAR,2,57
Terrace Marshall Jr.,2021,WR,CAR,2,59
Kyle Trask,2021,QB,TAM,2,64
Kellen Mond,2021,QB,MIN,3,66
Davis Mills,2021,QB,HOU,3,67
Josh Palmer,2021,WR,LAC,3,77
Hunter Long,2021,TE,MIA,3,81
Dyami Brown,2021,WR,WAS,3,82
Tommy Tremble,2021,TE,CAR,3,83
Amari Rodgers,2021,WR,GNB,3,85
Trey Sermon,2021,RB,SFO,3,88
Nico Collins,2021,WR,HOU,3,89
Anthony Schwartz,2021,WR,CLE,3,91
Tre' McKitty,2021,TE,LAC,3,97
Michael Carter,2021,RB,NYJ,4,107
Dez Fitzpatrick,2021,WR,TEN,4,109
Amon-Ra St. Brown,2021,WR,DET,4,112
Kene Nwangwu,2021,RB,MIN,4,119
Rhamondre Stevenson,2021,RB,NWE,4,120
John Bates,2021,TE,WAS,4,124
Chuba Hubbard,2021,RB,CAR,4,126
Kylen Granson,2021,TE,IND,4,127
Jaelon Darden,2021,WR,TAM,4,129
Tylan Wallace,2021,WR,BAL,4,131
Ian Book,2021,QB,NOR,4,133
Jacob Harris,2021,WR,LAR,4,141
Luke Farrell,2021,TE,JAX,5,145
Brevin Jordan,2021,TE,HOU,5,147
Evan McPherson,2021,K,CIN,5,149
Kenneth Gainwell,2021,RB,PHI,5,150
Ihmir Smith-Marsette,2021,WR,MIN,5,157
Noah Gray,2021,TE,KAN,5,162
Zach Davidson,2021,TE,MIN,5,168
Simi Fehoko,2021,WR,DAL,5,179
Cornell Powell,2021,WR,KAN,5,181
Ben Mason,2021,RB,BAL,5,184
Frank Darby,2021,WR,ATL,6,187
Elijah Mitchell,2021,RB,SFO,6,194
Gary Brightwell,2021,RB,NYG,6,196
Larry Rountree,2021,RB,LAC,6,198
Chris Evans,2021,RB,CIN,6,202
Marquez Stevenson,2021,WR,BUF,6,203
Shi Smith,2021,WR,CAR,6,204
Racey McMath,2021,WR,TEN,6,205
Jalen Camp,2021,WR,JAX,6,209
Demetric Felton,2021,RB,CLE,6,211
Khalil Herbert,2021,RB,CHI,6,217
Sam Ehlinger,2021,QB,IND,6,218
Seth Williams,2021,WR,DEN,6,219
Dazz Newsome,2021,WR,CHI,6,221
Mike Strachan,2021,WR,IND,7,229
Jake Funk,2021,RB,LAR,7,233
Tre Nixon,2021,WR,NWE,7,242
Gerrid Doaks,2021,RB,MIA,7,244
Ben Skowronek,2021,WR,LAR,7,249
Kawaan Baker,2021,WR,NOR,7,255
Kylin Hill,2021,RB,GNB,7,256
Jermar Jefferson,2021,RB,DET,7,257
Dax Milne,2021,WR,WAS,7,258
Drake London,2022,WR,ATL,1,8
Garrett Wilson,2022,WR,NYJ,1,10
Chris Olave,2022,WR,NOR,1,11
Jameson Williams,2022,WR,DET,1,12
Jahan Dotson,2022,WR,WAS,1,16
Treylon Burks,2022,WR,TEN,1,18
Kenny Pickett,2022,QB,PIT,1,20
Christian Watson,2022,WR,GNB,2,34
Breece Hall,2022,RB,NYJ,2,36
Kenneth Walker III,2022,RB,SEA,2,41
Wan'Dale Robinson,2022,WR,NYG,2,43
John Metchie,2022,WR,HOU,2,44
Tyquan Thornton,2022,WR,NWE,2,50
George Pickens,2022,WR,PIT,2,52
Alec Pierce,2022,WR,IND,2,53
Skyy Moore,2022,WR,KAN,2,54
Trey McBride,2022,TE,ARI,2,55
James Cook,2022,RB,BUF,2,63
Velus Jones Jr.,2022,WR,CHI,3,71
Jelani Woods,2022,TE,IND,3,73
Desmond Ridder,2022,QB,ATL,3,74
Greg Dulcich,2022,TE,DEN,3,80
Malik Willis,2022,QB,TEN,3,86
Jalen Tolbert,2022,WR,DAL,3,88
Rachaad White,2022,RB,TAM,3,91
Tyrion Davis-Price,2022,RB,SFO,3,93
Matt Corral,2022,QB,CAR,3,94
Brian Robinson Jr.,2022,RB,WAS,3,98
David Bell,2022,WR,CLE,3,99
Jeremy Ruckert,2022,TE,NYJ,3,101
Danny Gray,2022,WR,SFO,3,105
Cade Otton,2022,TE,TAM,4,106
Dameon Pierce,2022,RB,HOU,4,107
Daniel Bellinger,2022,TE,NYG,4,112
Zamir White,2022,RB,LVR,4,122
Isaiah Spiller,2022,RB,LAC,4,123
Cade York,2022,K,CLE,4,124
Erik Ezukanma,2022,WR,MIA,4,125
Pierre Strong,2022,RB,NWE,4,127
Charlie Kolar,2022,TE,BAL,4,128
Jake Ferguson,2022,TE,DAL,4,129
Hassan Haskins,2022,RB,TEN,4,131
Romeo Doubs,2022,WR,GNB,4,132
Bailey Zappe,2022,QB,NWE,4,137
Calvin Austin III,2022,WR,PIT,4,138
Isaiah Likely,2022,TE,BAL,4,139
Chig Okonkwo,2022,TE,TEN,4,143
Sam Howell,2022,QB,WAS,5,144
Khalil Shakir,2022,WR,BUF,5,148
Cole Turner,2022,TE,WAS,5,149
Tyler Allgeier,2022,RB,ATL,5,151
Snoop Conner,2022,RB,JAX,5,154
Jerome Ford,2022,RB,CLE,5,156
Montrell Washington,2022,WR,DEN,5,162
Kyle Philips,2022,WR,TEN,5,163
Kyren Williams,2022,RB,LAR,5,164
Ty Chandler,2022,RB,MIN,5,169
Teagan Quitoriano,2022,TE,HOU,5,170
James Mitchell,2022,TE,DET,5,177
Kevin Harris,2022,RB,NWE,6,183
Jalen Nailor,2022,WR,MIN,6,191
Andrew Ogletree,2022,TE,IND,6,192
Tyler Badie,2022,RB,BAL,6,196
Grant Calcaterra,2022,TE,PHI,6,198
Keaontay Ingram,2022,RB,ARI,6,201
Michael Woods II,2022,WR,CLE,6,202
Trestan Ebner,2022,RB,CHI,6,203
Connor Heyward,2022,TE,PIT,6,208
John FitzPatrick,2022,TE,ATL,6,213
Ko Kieft,2022,TE,TAM,6,218
Nick Muse,2022,TE,MIN,7,227
Bo Melton,2022,WR,SEA,7,229
Dareke Young,2022,WR,SEA,7,233
Chris Oladokun,2022,QB,PIT,7,241
Skylar Thompson,2022,QB,MIA,7,247
Brittain Brown,2022,RB,LVR,7,250
Isiah Pacheco,2022,RB,KAN,7,251
Samori Toure,2022,WR,GNB,7,258
Zander Horvath,2022,RB,LAC,7,260
Brock Purdy,2022,QB,SFO,7,262
Bryce Young,2023,QB,CAR,1,1
C.J. Stroud,2023,QB,HOU,1,2
Anthony Richardson,2023,QB,IND,1,4
Bijan Robinson,2023,RB,ATL,1,8
Jahmyr Gibbs,2023,RB,DET,1,12
Jaxon Smith-Njigba,2023,WR,SEA,1,20
Quentin Johnston,2023,WR,LAC,1,21
Zay Flowers,2023,WR,BAL,1,22
Jordan Addison,2023,WR,MIN,1,23
Dalton Kincaid,2023,TE,BUF,1,25
Will Levis,2023,QB,TEN,2,33
Sam LaPorta,2023,TE,DET,2,34
Michael Mayer,2023,TE,LVR,2,35
Jonathan Mingo,2023,WR,CAR,2,39
Luke Musgrave,2023,TE,GNB,2,42
Jayden Reed,2023,WR,GNB,2,50
Zach Charbonnet,2023,RB,SEA,2,52
Rashee Rice,2023,WR,KAN,2,55
Luke Schoonmaker,2023,TE,DAL,2,58
Brenton Strange,2023,TE,JAX,2,61
Marvin Mims,2023,WR,DEN,2,63
Hendon Hooker,2023,QB,DET,3,68
Tank Dell,2023,WR,HOU,3,69
Kendre Miller,2023,RB,NOR,3,71
Jalin Hyatt,2023,WR,NYG,3,73
Cedric Tillman,2023,WR,CLE,3,74
Tucker Kraft,2023,TE,GNB,3,78
Josh Downs,2023,WR,IND,3,79
Tyjae Spears,2023,RB,TEN,3,81
De'Von Achane,2023,RB,MIA,3,84
Tank Bigsby,2023,RB,JAX,3,88
Darnell Washington,2023,TE,PIT,3,93
Michael Wilson,2023,WR,ARI,3,94
Jake Moody,2023,K,SFO,3,99
Tre Tucker,2023,WR,LVR,3,100
Cameron Latu,2023,TE,SFO,3,101
Chad Ryland,2023,K,NWE,4,112
Roschon Johnson,2023,RB,CHI,4,115
Derius Davis,2023,WR,LAC,4,125
Jake Haener,2023,QB,NOR,4,127
Stetson Bennett,2023,QB,LAR,4,128
Charlie Jones,2023,WR,CIN,4,131
Tyler Scott,2023,WR,CHI,4,133
Aidan O'Connell,2023,QB,LVR,4,135
Clayton Tune,2023,QB,ARI,5,139
Dorian Thompson-Robinson,2023,QB,CLE,5,140
Israel Abanikanda,2023,RB,NYJ,5,143
Josh Whyle,2023,TE,TEN,5,147
Sean Clifford,2023,QB,GNB,5,149
Justin Shorter,2023,WR,BUF,5,150
Dontayvion Wicks,2023,WR,GNB,5,159
Will Mallory,2023,TE,IND,5,162
Chase Brown,2023,RB,CIN,5,163
Jaren Hall,2023,QB,MIN,5,164
Payne Durham,2023,TE,TAM,5,171
Eric Gray,2023,RB,NYG,5,172
Davis Allen,2023,TE,LAR,5,175
Evan Hull,2023,RB,IND,5,176
Puka Nacua,2023,WR,LAR,5,177
Parker Washington,2023,WR,JAX,6,185
Kayshon Boutte,2023,WR,NWE,6,187
Tanner McKee,2023,QB,PHI,6,188
Trey Palmer,2023,WR,TAM,6,191
Chris Rodriguez,2023,RB,WAS,6,193
A.T. Perry,2023,WR,NOR,6,195
Elijah Higgins,2023,WR,MIA,6,197
Xavier Hutchinson,2023,WR,HOU,6,205
Andrei Iosivas,2023,WR,CIN,6,206
Anders Carlson,2023,K,GNB,6,207
DeMario Douglas,2023,WR,NWE,6,210
Deuce Vaughn,2023,RB,DAL,6,212
Zach Evans,2023,RB,LAR,6,215
Antoine Green,2023,WR,DET,7,219
Zack Kuntz,2023,TE,NYJ,7,220
DeWayne McBride,2023,RB,MIN,7,222
Colton Dowell,2023,WR,TEN,7,228
Lew Nichols,2023,RB,GNB,7,235
Kenny McIntosh,2023,RB,SEA,7,237
Max Duggan,2023,QB,LAC,7,239
Jalen Brooks,2023,WR,DAL,7,244
Brayden Willis,2023,TE,SFO,7,247
Ronnie Bell,2023,WR,SFO,7,253
Grant Dubose,2023,WR,GNB,7,256
Caleb Williams,2024,QB,CHI,1,1
Jayden Daniels,2024,QB,WAS,1,2
Drake Maye,2024,QB,NWE,1,3
Marvin Harrison Jr.,2024,WR,ARI,1,4
Malik Nabers,2024,WR,NYG,1,6
Michael Penix,2024,QB,ATL,1,8
Rome Odunze,2024,WR,CHI,1,9
J.J. McCarthy,2024,QB,MIN,1,10
Bo Nix,2024,QB,DEN,1,12
Brock Bowers,2024,TE,LVR,1,13
Brian Thomas,2024,WR,JAX,1,23
Xavier Worthy,2024,WR,KAN,1,28
Ricky Pearsall,2024,WR,SFO,1,31
Xavier Legette,2024,WR,CAR,1,32
Keon Coleman,2024,WR,BUF,2,33
Ladd McConkey,2024,WR,LAC,2,34
Ja'Lynn Polk,2024,WR,NWE,2,37
Jonathon Brooks,2024,RB,CAR,2,46
Adonai Mitchell,2024,WR,IND,2,52
Ben Sinnott,2024,TE,WAS,2,53
Malachi Corley,2024,WR,NYJ,3,65
Trey Benson,2024,RB,ARI,3,66
Jermaine Burton,2024,WR,CIN,3,80
Tip Reiman,2024,TE,ARI,3,82
Blake Corum,2024,RB,LAR,3,83
Roman Wilson,2024,WR,PIT,3,84
MarShawn Lloyd,2024,RB,GNB,3,88
Jalen McMillan,2024,WR,TAM,3,92
Luke McCaffrey,2024,WR,WAS,3,100
Ja'Tavion Sanders,2024,TE,CAR,4,101
Troy Franklin,2024,WR,DEN,4,102
Theo Johnson,2024,TE,NYG,4,107
Javon Baker,2024,WR,NWE,4,110
Devontez Walker,2024,WR,BAL,4,113
Erick All,2024,TE,CIN,4,115
Jaylen Wright,2024,RB,MIA,4,120
AJ Barner,2024,TE,SEA,4,121
Cade Stover,2024,TE,HOU,4,123
Bucky Irving,2024,RB,TAM,4,125
Will Shipley,2024,RB,PHI,4,127
Ray Davis,2024,RB,BUF,4,128
Isaac Guerendo,2024,RB,SFO,4,129
Jared Wiley,2024,TE,KAN,4,131
Braelon Allen,2024,RB,NYJ,4,134
Jacob Cowing,2024,WR,SFO,4,135
Anthony Gould,2024,WR,IND,5,142
Audric Estime,2024,RB,DEN,5,147
Spencer Rattler,2024,QB,NOR,5,150
Ainias Smith,2024,WR,PHI,5,152
Jamari Thrash,2024,WR,CLE,5,156
Rasheen Ali,2024,RB,BAL,5,165
Tyrone Tracy Jr.,2024,RB,NYG,5,166
Keilan Robinson,2024,RB,JAX,5,167
Bub Means,2024,WR,NOR,5,170
Jordan Travis,2024,QB,NYJ,5,171
Isaiah Davis,2024,RB,NYJ,5,173
Kimani Vidal,2024,RB,LAC,6,181
Jha'Quan Jackson,2024,WR,TEN,6,182
Malik Washington,2024,WR,MIA,6,184
Johnny Wilson,2024,WR,PHI,6,185
Jase McClellan,2024,RB,ATL,6,186
Casey Washington,2024,WR,ATL,6,187
Tejhaun Palmer,2024,WR,ARI,6,191
Joe Milton,2024,QB,NWE,6,193
Tanner McLachlan,2024,TE,CIN,6,194
Will Reichard,2024,K,MIN,6,203
Jawhar Jordan,2024,RB,HOU,6,205
Dylan Laube,2024,RB,LVR,6,208
Joshua Karty,2024,K,LAR,6,209
Cam Little,2024,K,JAX,6,212
Jordan Whittington,2024,WR,LAR,6,213
Ryan Flournoy,2024,WR,DAL,6,216
Devin Leary,2024,QB,BAL,6,218
Brenden Rice,2024,WR,LAC,7,225
Jaheim Bell,2024,TE,NWE,7,231
Devaughn Vele,2024,WR,DEN,7,235
Tahj Washington,2024,WR,MIA,7,241
Michael Pratt,2024,QB,GNB,7,245
Devin Culp,2024,TE,TAM,7,246
Cornelius Johnson,2024,WR,LAC,7,253
Cam Ward,2025,QB,TEN,1,1
Travis Hunter,2025,WR,JAX,1,2
Ashton Jeanty,2025,RB,LVR,1,6
Tetairoa McMillan,2025,WR,CAR,1,8
Colston Loveland,2025,TE,CHI,1,10
Tyler Warren,2025,TE,IND,1,14
Emeka Egbuka,2025,WR,TAM,1,19
Omarion Hampton,2025,RB,LAC,1,22
Matthew Golden,2025,WR,GNB,1,23
Jaxson Dart,2025,QB,NYG,1,25
Jayden Higgins,2025,WR,HOU,2,34
Quinshon Judkins,2025,RB,CLE,2,36
TreVeyon Henderson,2025,RB,NWE,2,38
Luther Burden,2025,WR,CHI,2,39
Tyler Shough,2025,QB,NOR,2,40
Mason Taylor,2025,TE,NYJ,2,42
Terrance Ferguson,2025,TE,LAR,2,46
Elijah Arroyo,2025,TE,SEA,2,50
Tre Harris,2025,WR,LAC,2,55
Jack Bech,2025,WR,LVR,2,58
RJ Harvey,2025,RB,DEN,2,60
Harold Fannin,2025,TE,CLE,3,67
Kyle Williams,2025,WR,NWE,3,69
Isaac TeSlaa,2025,WR,DET,3,70
Pat Bryant,2025,WR,DEN,3,74
Jaylin Noel,2025,WR,HOU,3,79
Kaleb Johnson,2025,RB,PIT,3,83
Savion Williams,2025,WR,GNB,3,87
Jalen Milroe,2025,QB,SEA,3,92
Dillon Gabriel,2025,QB,CLE,3,94
Tai Felton,2025,WR,MIN,3,102
Chimere Dike,2025,WR,TEN,4,103
Bhayshul Tuten,2025,RB,JAX,4,104
Cam Skattebo,2025,RB,NYG,4,105
Dont'e Thornton,2025,WR,LVR,4,108
Arian Smith,2025,WR,NYJ,4,110
Trevor Etienne,2025,RB,CAR,4,114
Woody Marks,2025,RB,HOU,4,116
Jarquez Hunter,2025,RB,LAR,4,117
Gunnar Helm,2025,TE,TEN,4,120
Dylan Sampson,2025,RB,CLE,4,126
Jaylin Lane,2025,WR,WAS,4,128
Jalen Royals,2025,WR,KAN,4,133
Elic Ayomanor,2025,WR,TEN,4,136
Jordan Watkins,2025,WR,SFO,4,138
Shedeur Sanders,2025,QB,CLE,5,144
Jordan James,2025,RB,SFO,5,147
Jaydon Blue,2025,RB,DAL,5,149
DJ Giddens,2025,RB,IND,5,151
KeAndre Lambert-Smith,2025,WR,LAC,5,158
Mitchell Evans,2025,TE,CAR,5,163
Oronde Gadsden II,2025,TE,LAC,5,165
Tory Horton,2025,WR,SEA,5,166
Jackson Hawes,2025,TE,BUF,5,173
Robbie Ouzts,2025,TE,SEA,5,175
Ollie Gordon,2025,RB,MIA,6,179
Kyle McCord,2025,QB,PHI,6,181
Andres Borregales,2025,K,NWE,6,182
Devin Neal,2025,RB,NOR,6,184
Will Howard,2025,QB,PIT,6,185
Tyler Loop,2025,K,BAL,6,186
Kalel Mullings,2025,RB,TEN,6,188
Riley Leonard,2025,QB,IND,6,189
Tahj Brooks,2025,RB,CIN,6,193
Graham Mertz,2025,QB,HOU,6,197
Gavin Bartholomew,2025,TE,MIN,6,202
LaJohntay Wester,2025,WR,BAL,6,203
Jimmy Horn,2025,WR,CAR,6,208
Tommy Mellott,2025,QB,LVR,6,213
Cam Miller,2025,QB,LVR,6,215
Thomas Fidone,2025,TE,NYG,7,219
Damien Martinez,2025,RB,SEA,7,223
Kurtis Rourke,2025,QB,SFO,7,227
Brashard Smith,2025,RB,KAN,7,228
Quinn Ewers,2025,QB,MIA,7,231
Kyle Monangai,2025,RB,CHI,7,233
Tez Johnson,2025,WR,TAM,7,235
LeQuint Allen,2025,RB,JAX,7,236
Ricky White,2025,WR,SEA,7,238
Phil Mafah,2025,RB,DAL,7,239
Kaden Prather,2025,WR,BUF,7,240
Caleb Lohner,2025,TE,DEN,7,241
Konata Mumpfield,2025,WR,LAR,7,242
Dominic Lovett,2025,WR,DET,7,244
Jacory Croskey-Merritt,2025,RB,WAS,7,245
Moliki Matavao,2025,TE,NOR,7,248
Junior Bergen,2025,WR,SFO,7,252
Luke Lachey,2025,TE,HOU,7,255
Fernando Mendoza,2026,QB,LVR,1,1
Jeremiyah Love,2026,RB,ARI,1,3
Carnell Tate,2026,WR,TEN,1,4
Jordyn Tyson,2026,WR,NOR,1,8
Ty Simpson,2026,QB,LAR,1,13
Kenyon Sadiq,2026,TE,NYJ,1,16
Makai Lemon,2026,WR,PHI,1,20
KC Concepcion,2026,WR,CLE,1,24
Omar Cooper Jr.,2026,WR,NYJ,1,30
Jadarian Price,2026,RB,SEA,1,32
De'Zhaun Stribling,2026,WR,SFO,2,33
Denzel Boston,2026,WR,CLE,2,39
Germie Bernard,2026,WR,PIT,2,47
Eli Stowers,2026,TE,PHI,2,54
Nate Boerkircher,2026,TE,JAX,2,56
Marlin Klein,2026,TE,HOU,2,59
Max Klare,2026,TE,LAR,2,61
Carson Beck,2026,QB,ARI,3,65
Sam Roush,2026,TE,CHI,3,69
Antonio Williams,2026,WR,WAS,3,71
Oscar Delp,2026,TE,NOR,3,73
Malachi Fields,2026,WR,NYG,3,74
Caleb Douglas,2026,WR,MIA,3,75
Drew Allar,2026,QB,PIT,3,76
Zachariah Branch,2026,WR,ATL,3,79
Ja'Kobi Lane,2026,WR,BAL,3,80
Chris Brazzell II,2026,WR,CAR,3,83
Ted Hurst,2026,WR,TAM,3,84
Will Kacmarek,2026,TE,MIA,3,87
Zavion Thomas,2026,WR,CHI,3,89
Kaelon Black,2026,RB,SFO,3,90
Chris Bell,2026,WR,MIA,3,94
Eli Raridon,2026,TE,NWE,3,95
Brenen Thompson,2026,WR,LAC,4,105
Jonah Coleman,2026,RB,DEN,4,108
Cade Klubnik,2026,QB,NYJ,4,110
Elijah Sarratt,2026,WR,BAL,4,115
Kaden Wetjen,2026,WR,PIT,4,121
Mike Washington Jr.,2026,RB,LVR,4,122
Skyler Bell,2026,WR,BUF,4,125
Matthew Hibner,2026,TE,BAL,4,133
Bryce Lance,2026,WR,NOR,4,136
Colbie Young,2026,WR,CIN,4,140
Reggie Virgil,2026,WR,ARI,5,143
Justin Joly,2026,TE,DEN,5,152
Max Bredeson,2026,TE,MIN,5,159
Emmett Johnson,2026,RB,KAN,5,161
Tanner Koziol,2026,TE,JAX,5,164
Nicholas Singleton,2026,RB,TEN,5,165
Kendrick Law,2026,WR,DET,5,168
Riley Nowakowski,2026,TE,PIT,5,169
Joe Royer,2026,TE,CLE,5,170
Josh Cuevas,2026,TE,BAL,5,173
Adam Randall,2026,RB,BAL,5,174
Cyrus Allen,2026,WR,KAN,5,176
Kevin Coleman Jr.,2026,WR,MIA,5,177
Cole Payton,2026,QB,PHI,5,178
Seydou Traore,2026,TE,MIA,5,180
Taylen Green,2026,QB,CLE,6,182
Bauer Sharp,2026,TE,TAM,6,185
Kaytron Allen,2026,RB,WAS,6,187
Barion Brown,2026,WR,NOR,6,190
Josh Cameron,2026,WR,JAX,6,191
Malik Benson,2026,WR,LVR,6,195
CJ Daniels,2026,WR,LAR,6,197
Demond Claiborne,2026,RB,MIN,6,198
Emmanuel Henderson Jr.,2026,WR,SEA,6,199
CJ Williams,2026,WR,JAX,6,203
Lewis Bond,2026,WR,HOU,6,204
Trey Smack,2026,K,GNB,6,216
Anthony Smith,2026,WR,DAL,7,218
Jack Endries,2026,TE,CIN,7,221
Athan Kaliakmanis,2026,QB,WAS,7,223
Jaren Kanak,2026,TE,TEN,7,225
Eli Heidenreich,2026,RB,PIT,7,230
Behren Morton,2026,QB,NWE,7,234
Seth McGowan,2026,RB,IND,7,237
Jam Miller,2026,RB,NWE,7,245
Carsen Ryan,2026,TE,CLE,7,248
Garrett Nussmeier,2026,QB,KAN,7,249
Deion Burks,2026,WR,IND,7,254
Dallen Bentley,2026,TE,DEN,7,256
