playerName,position,nflTeam,espnRank,espnId,status,percentOwned
Kalif Raymond,WR,CHI,984,2973405,ACTIVE,36.36
Bears D/ST,D/ST,CHI,511,,,33.02
Roman Wilson,WR,PIT,1075,4431492,ACTIVE,27.34
Commanders D/ST,D/ST,WAS,518,,,18.74
Bills D/ST,D/ST,BUF,521,,,18.55
Raiders D/ST,D/ST,LV,524,,,17.57
Dohnte Meyers,WR,CIN,1207,4384852,ACTIVE,12.62
Darius Cooper,WR,PHI,1250,4715355,ACTIVE,7.87
Matt Gay,K,LV,502,4249087,ACTIVE,7.28
Chad Ryland,K,ARI,507,4363538,ACTIVE,6.95
Giants D/ST,D/ST,NYG,510,,,6.67
Panthers D/ST,D/ST,CAR,515,,,6.28
Falcons D/ST,D/ST,ATL,520,,,4.5
Austin Ekeler,RB,WAS,1742,3068267,ACTIVE,3.67
Devin Singletary,RB,NYG,1334,4040761,ACTIVE,2.98
Jayden Higgins,WR,HOU,1402,4877706,INJURY_RESERVE,2.21
Ricky Pearsall,WR,SF,1387,4428209,INJURY_RESERVE,2.17
Odell Beckham Jr.,WR,NYG,978,16733,ACTIVE,2.05
Dameon Pierce,RB,PHI,1990,4360238,ACTIVE,1.87
Isaiah Williams,WR,NYJ,1057,4569371,ACTIVE,1.5
Zach Ertz,TE,PHI,1762,15835,ACTIVE,1.47
Titans D/ST,D/ST,TEN,512,,,1.42
Ryan Fitzgerald,K,CAR,504,4568263,ACTIVE,1.33
Tyler Huntley,QB,BAL,1244,4035671,ACTIVE,1.26
Roschon Johnson,RB,CHI,1369,4426386,ACTIVE,1.22
Christian Kirk,WR,SF,1335,3895856,INJURY_RESERVE,1.19
Case Keenum,QB,CHI,1339,15168,ACTIVE,1.18
Demarcus Robinson,WR,SF,1137,3043116,INJURY_RESERVE,1.17
Raheim Sanders,RB,CLE,1418,4601080,ACTIVE,1.17
Joshua Palmer,WR,BUF,982,4242433,ACTIVE,1.07
Carson Wentz,QB,MIN,1337,2573079,ACTIVE,1.05
Noah Fant,TE,NO,1022,4036131,ACTIVE,0.99
Cardinals D/ST,D/ST,ARI,526,,,0.94
Kendrick Bourne,WR,ARI,983,3045523,ACTIVE,0.89
Drew Lock,QB,SEA,1268,3924327,ACTIVE,0.86
Andre Szmyt,K,CLE,508,4258620,ACTIVE,0.77
Brycen Tremayne,WR,CAR,1267,4360763,ACTIVE,0.77
Chimere Dike,WR,TEN,1023,4431268,ACTIVE,0.71
AJ Dillon,RB,CAR,1343,4239934,ACTIVE,0.59
Skyy Moore,WR,GB,1329,4430191,ACTIVE,0.59
Dolphins D/ST,D/ST,MIA,527,,,0.56
Troy Franklin,WR,DEN,981,4431280,ACTIVE,0.55
Myles Price,WR,MIN,1323,4430656,ACTIVE,0.54
Efton Chism III,WR,NE,1209,4695193,ACTIVE,0.51
Konata Mumpfield,WR,LA,1134,4710855,ACTIVE,0.47
Joey Slye,K,TEN,505,3124084,ACTIVE,0.44
Kyle Williams,WR,NE,980,4613202,ACTIVE,0.43
Darius Slayton,WR,IND,1677,3916945,ACTIVE,0.41
Jason Sanders,K,NYJ,1743,3124679,ACTIVE,0.39
Zavion Thomas,WR,CHI,1030,4869748,ACTIVE,0.39
Kyle Juszczyk,RB,SF,1002,16002,OUT,0.38
Brandon Aiyuk,WR,SF,1342,4360438,OUT,0.37
Tyler Goodson,RB,DAL,2233,4429676,ACTIVE,0.32
Skyler Bell,WR,BUF,1048,4683153,ACTIVE,0.31
Trevor Etienne,RB,CAR,1403,4685350,INJURY_RESERVE,0.28
Brandin Cooks,WR,SF,1764,16731,ACTIVE,0.27
Chris Moore,WR,BAL,1591,2576581,ACTIVE,0.27
Cody White,WR,LV,1959,4241983,ACTIVE,0.27
Hollywood Brown,WR,PHI,1047,4241372,QUESTIONABLE,0.25
Justin Tucker,K,BAL,1763,15683,ACTIVE,0.23
Dont'e Thornton Jr.,WR,LV,1406,4432775,INJURY_RESERVE,0.21
Elic Ayomanor,WR,TEN,1102,4883647,ACTIVE,0.19
Savion Williams,WR,GB,1015,4431487,INJURY_RESERVE,0.19
Tommy Tremble,TE,CAR,1005,4372780,ACTIVE,0.18
Drew Allar,QB,PIT,1222,4714771,ACTIVE,0.17
Jalen Royals,WR,KC,1142,5082630,ACTIVE,0.17
Josh Cameron,WR,JAX,1235,4879194,ACTIVE,0.17
Philip Rivers,QB,IND,2551,5529,ACTIVE,0.17
Tutu Atwell,WR,LA,1059,4360797,ACTIVE,0.17
Kaden Wetjen,WR,PIT,1298,5081338,ACTIVE,0.16
Bryce Lance,WR,NO,1012,4879276,ACTIVE,0.15
DeeJay Dallas,RB,MIN,1815,4240631,ACTIVE,0.15
Elijah Sarratt,WR,BAL,1095,5088338,ACTIVE,0.15
Laquon Treadwell,WR,IND,1153,3051889,ACTIVE,0.15
Luke McCaffrey,WR,WAS,1141,4426948,ACTIVE,0.15
Jonnu Smith,TE,GB,1017,3054212,ACTIVE,0.14
Ben Sauls,K,NYG,2562,4566158,ACTIVE,0.13
Austin Hooper,TE,ATL,1007,3043275,ACTIVE,0.12
Jahdae Walker,WR,CHI,1243,5160110,ACTIVE,0.12
Luke Schoonmaker,TE,DAL,1078,4372096,ACTIVE,0.12
Mitchell Tinsley,WR,CIN,2211,4690070,ACTIVE,0.12
Treylon Burks,WR,WAS,1000,4567156,ACTIVE,0.12
Ashton Dulin,WR,IND,1054,4061956,QUESTIONABLE,0.11
Barion Brown,WR,NO,1121,4698597,QUESTIONABLE,0.11
Devontez Walker,WR,BAL,1003,4696882,ACTIVE,0.11
Hunter Luepke,RB,DAL,1096,4383396,ACTIVE,0.11
Jaleel McLaughlin,RB,CLE,2205,4722893,ACTIVE,0.11
Johnny Mundt,TE,PHI,1259,3052096,ACTIVE,0.11
Jordan Whittington,WR,LA,1115,4569382,ACTIVE,0.11
Tez Johnson,WR,TB,1119,4608810,ACTIVE,0.11
Brock Wright,TE,DET,1139,4242392,ACTIVE,0.1
Colbie Young,WR,CIN,1066,5092508,ACTIVE,0.1
Corey Kiner,RB,NE,1294,4431431,ACTIVE,0.1
Dyami Brown,WR,WAS,991,4361577,ACTIVE,0.09
Elijah Higgins,TE,ARI,1011,4426844,ACTIVE,0.09
Isaac Guerendo,RB,SF,1389,4372561,OUT,0.09
Isaiah Bond,WR,CLE,1039,4808839,ACTIVE,0.09
Jordan Watkins,WR,SF,1409,4431466,ACTIVE,0.09
Kyle Allen,QB,BUF,1264,3115293,ACTIVE,0.09
Bo Melton,WR,GB,1163,4259305,ACTIVE,0.08
Braxton Berrios,WR,NYG,1318,3123075,INJURY_RESERVE,0.08
Brevyn Spann-Ford,TE,DAL,1220,4360967,ACTIVE,0.08
Camden Brown,WR,DAL,1448,4808759,OUT,0.08
Chris Brazzell II,WR,CAR,1431,5091739,INJURY_RESERVE,0.08
CJ Donaldson,RB,NO,,5081999,ACTIVE,0.08
Greg Dortch,WR,BUF,1704,4037235,ACTIVE,0.08
Jaylin Lane,WR,WAS,1077,4602667,INJURY_RESERVE,0.08
John Metchie III,WR,CAR,1357,4567096,ACTIVE,0.08
Jonathan Mingo,WR,DAL,1253,4426485,ACTIVE,0.08
Josh Oliver,TE,MIN,1025,3921690,INJURY_RESERVE,0.08
Malik Benson,WR,LV,979,5150247,ACTIVE,0.08
Olamide Zaccheaus,WR,ATL,1051,3917914,ACTIVE,0.08
Tai Felton,WR,MIN,1234,4565185,ACTIVE,0.08
Adam Trautman,TE,DEN,1026,3911853,ACTIVE,0.07
Brenen Thompson,WR,LAC,1080,4685553,QUESTIONABLE,0.07
Cade Klubnik,QB,NYJ,1260,4685413,ACTIVE,0.07
Cooper Rush,QB,ATL,1328,2972515,ACTIVE,0.07
Jackson Hawes,TE,BUF,1084,4573699,ACTIVE,0.07
Jalen Milroe,QB,SEA,1405,4432734,ACTIVE,0.07
Joshua Dobbs,QB,DET,1248,3044720,ACTIVE,0.07
LaJohntay Wester,WR,BAL,1324,4690143,ACTIVE,0.07
Matthew Hibner,TE,BAL,1245,4432260,ACTIVE,0.07
Oscar Delp,TE,NO,1147,4702559,ACTIVE,0.07
Sam Roush,TE,CHI,1242,4685504,ACTIVE,0.07
Tyrod Taylor,QB,GB,1224,14163,ACTIVE,0.07
Charlie Kolar,TE,LAC,1032,4241263,QUESTIONABLE,0.06
Devin Duvernay,WR,ARI,1325,4039050,ACTIVE,0.06
Jacob Cowing,WR,SF,1205,4575665,ACTIVE,0.06
Kenny Pickett,QB,CAR,1233,4240703,ACTIVE,0.06
Luke Musgrave,TE,GB,1370,4428085,OUT,0.06
Patrick Ricard,RB,NYG,1273,2975417,ACTIVE,0.06
Reggie Gilliam,RB,NE,1269,4039505,OUT,0.06
Stetson Bennett IV,QB,LA,1371,4259553,ACTIVE,0.06
Will Howard,QB,PIT,1417,4429955,ACTIVE,0.06
Athan Kaliakmanis,QB,WAS,1444,4432722,ACTIVE,0.05
Ben Sinnott,TE,WAS,1089,4690923,ACTIVE,0.05
Ben Skowronek,WR,PIT,1300,4035656,ACTIVE,0.05
Cade Stover,TE,HOU,1044,4426496,ACTIVE,0.05
Calvin Austin III,WR,NYG,1359,4243389,INJURY_RESERVE,0.05
CJ Daniels,WR,LA,1432,4605951,ACTIVE,0.05
Jake Bobo,WR,SEA,1382,4360405,INJURY_RESERVE,0.05
Jalen Brooks,WR,ARI,1330,4692835,ACTIVE,0.05
Jeremy Ruckert,TE,NYJ,1094,4361372,ACTIVE,0.05
KeAndre Lambert-Smith,WR,LAC,1145,4430870,INJURY_RESERVE,0.05
Luke Farrell,TE,SF,1239,4040612,ACTIVE,0.05
Mason Rudolph,QB,PIT,1332,3116407,ACTIVE,0.05
Mo Alie-Cox,TE,IND,1081,2998565,ACTIVE,0.05
Nate Adkins,TE,DEN,1138,4383440,ACTIVE,0.05
Nikko Remigio,WR,KC,1327,4372716,ACTIVE,0.05
Quinn Ewers,QB,JAX,1226,4889929,ACTIVE,0.05
Spencer Rattler,QB,NO,1236,4426339,ACTIVE,0.05
Travis Homer,RB,PIT,1714,4037457,ACTIVE,0.05
Will Kacmarek,TE,MIA,1021,4880236,ACTIVE,0.05
Alec Ingold,RB,LAC,1162,3917668,QUESTIONABLE,0.04
Alex Bachman,WR,LA,2393,3919510,ACTIVE,0.04
Andy Dalton,QB,PHI,1338,14012,ACTIVE,0.04
Blake Whiteheart,TE,CLE,1169,4362018,ACTIVE,0.04
Connor Heyward,RB,LV,1206,4241961,ACTIVE,0.04
Davis Mills,QB,HOU,1254,4242546,ACTIVE,0.04
Dillon Gabriel,QB,CLE,1404,4427238,INJURY_RESERVE,0.04
Durham Smythe,TE,BAL,1105,3052897,INJURY_RESERVE,0.04
Elijah Moore,WR,PHI,1346,4372414,ACTIVE,0.04
Eric Saubert,TE,SEA,1247,2975863,ACTIVE,0.04
Foster Moreau,TE,HOU,1136,3843945,ACTIVE,0.04
Frank Gore Jr.,RB,BUF,2420,4429805,ACTIVE,0.04
Gardner Minshew II,QB,ARI,1276,4038524,ACTIVE,0.04
John Bates,TE,WAS,1046,4048228,ACTIVE,0.04
Josh Williams,RB,TB,2509,4568024,ACTIVE,0.04
Julius Chestnut,RB,TEN,1365,4367567,ACTIVE,0.04
Kameron Johnson,WR,TB,1303,5097554,ACTIVE,0.04
Malachi Corley,WR,CLE,1180,4613104,ACTIVE,0.04
Marlin Klein,TE,HOU,1238,4695705,ACTIVE,0.04
Max Bredeson,RB,MIN,1217,4878695,ACTIVE,0.04
Michael Burton,RB,CLE,1208,2515270,ACTIVE,0.04
Mitchell Trubisky,QB,TEN,1270,3039707,ACTIVE,0.04
Montorie Foster Jr.,WR,SEA,1449,4600597,ACTIVE,0.04
Nate Boerkircher,TE,JAX,1140,4686248,ACTIVE,0.04
Pierre Strong Jr.,RB,GB,2009,4249836,ACTIVE,0.04
Robert Henry Jr.,RB,SEA,,5151317,ACTIVE,0.04
Ronnie Rivers,RB,LA,1367,4243003,INJURY_RESERVE,0.04
Tay Martin,WR,DET,1182,4245144,ACTIVE,0.04
Taylen Green,QB,CLE,1440,4431325,ACTIVE,0.04
Tom Kennedy,WR,DET,1800,3126997,ACTIVE,0.04
Trey Lance,QB,LAC,1223,4383351,QUESTIONABLE,0.04
Tyler Conklin,TE,DET,1230,3915486,ACTIVE,0.04
Tyrell Shavers,WR,BUF,1400,4241476,OUT,0.04
Adam Prentice,RB,DEN,1203,3929914,ACTIVE,0.03
Amari Cooper,WR,LV,1754,2976499,,0.03
Andrew Beck,RB,NYJ,1252,3125107,ACTIVE,0.03
Brady Russell,RB,SEA,1384,4243176,ACTIVE,0.03
British Brooks,RB,HOU,1319,4373273,INJURY_RESERVE,0.03
Brittain Brown,RB,CHI,1364,4036032,INJURY_RESERVE,0.03
Charlie Jones,WR,NYG,2129,4257188,ACTIVE,0.03
Chris Manhertz,TE,NYG,1297,2531358,QUESTIONABLE,0.03
Colson Yankoff,TE,WAS,1395,4361088,ACTIVE,0.03
Daniel Bellinger,TE,TEN,1087,4361516,ACTIVE,0.03
Dareke Young,WR,LV,1257,4401805,ACTIVE,0.03
David Moore,WR,CAR,1717,4212909,ACTIVE,0.03
Davis Allen,TE,LA,1133,4426553,ACTIVE,0.03
Derius Davis,WR,LAC,1192,4362477,ACTIVE,0.03
Drew Ogletree,TE,IND,1240,4722908,ACTIVE,0.03
Garrett Nussmeier,QB,KC,1445,4567747,ACTIVE,0.03
Gavin Bartholomew,TE,MIN,1407,4708049,ACTIVE,0.03
Ian Thomas,TE,LV,1256,4045305,ACTIVE,0.03
J. Michael Sturdivant,WR,GB,1453,4635009,ACTIVE,0.03
Jack Strand,QB,ATL,1450,5344782,ACTIVE,0.03
Jared Wayne,WR,HOU,1399,4430681,ACTIVE,0.03
Josh Cuevas,TE,BAL,1246,4876132,ACTIVE,0.03
Josh Whyle,TE,GB,1210,4360086,ACTIVE,0.03
Justin Joly,TE,MIA,1434,4912052,QUESTIONABLE,0.03
Kyle McCord,QB,MIA,1266,4433971,ACTIVE,0.03
Marquez Valdes-Scantling,WR,LAC,1750,3051738,ACTIVE,0.03
Mitchell Evans,TE,CAR,1408,4683243,ACTIVE,0.03
Nick Westbrook-Ikhine,WR,IND,1877,3929785,ACTIVE,0.03
Payne Durham,TE,TB,1146,4372505,ACTIVE,0.03
Reggie Virgil,WR,ARI,1262,4869132,ACTIVE,0.03
Riley Leonard,QB,IND,1227,4683423,ACTIVE,0.03
Ryan Miller,WR,MIA,1385,4369466,ACTIVE,0.03
Sterling Shepard,WR,NYJ,1756,2976592,ACTIVE,0.03
Teddy Bridgewater,QB,DET,1769,16728,ACTIVE,0.03
Zach Wilson,QB,NO,1347,4361259,ACTIVE,0.03
Adam Thielen,WR,PIT,1768,16460,,0.02
Aidan O'Connell,QB,LV,1376,4260394,ACTIVE,0.02
Arian Smith,WR,NYJ,1307,4429105,INJURY_RESERVE,0.02
Beaux Collins,WR,ATL,1419,4431210,INJURY_RESERVE,0.02
Behren Morton,QB,NE,1443,4431465,ACTIVE,0.02
Brady Cook,QB,MIA,1420,4429435,ACTIVE,0.02
Britain Covey,WR,PHI,2082,3926231,ACTIVE,0.02
C.J. Ham,RB,MIN,1600,4012556,,0.02
Cameron Latu,TE,NE,1372,4372026,ACTIVE,0.02
Carsen Ryan,TE,CLE,1261,4685540,OUT,0.02
Charlie Woerner,TE,ATL,1258,4035020,ACTIVE,0.02
Chris Blair,WR,ATL,1386,4369886,ACTIVE,0.02
CJ Williams,WR,JAX,1435,5085024,ACTIVE,0.02
Cole Payton,QB,PHI,1446,4879250,ACTIVE,0.02
D.J. Montgomery,WR,IND,1355,4249030,INJURY_RESERVE,0.02
Deion Burks,WR,IND,1439,4683151,ACTIVE,0.02
Derek Carr,QB,NO,1760,16757,,0.02
Grant Calcaterra,TE,PHI,1360,4241374,INJURY_RESERVE,0.02
Gunner Olszewski,WR,NYG,1341,4424106,INJURY_RESERVE,0.02
Haynes King,QB,CAR,1451,4428993,ACTIVE,0.02
Hunter Long,TE,ARI,1255,4239944,INJURY_RESERVE,0.02
Jackson Meeks,TE,DET,1425,4602788,ACTIVE,0.02
Jared Wiley,TE,KC,1391,4430723,ACTIVE,0.02
Jeremy McNichols,RB,WAS,1333,3127586,INJURY_RESERVE,0.02
Jimmy Holiday,WR,KC,1427,4431142,INJURY_RESERVE,0.02
Joe Fagnano,QB,BAL,1452,4429582,ACTIVE,0.02
Joe Royer,TE,CLE,1433,4565859,OUT,0.02
Josh Johnson,QB,CIN,1774,11394,ACTIVE,0.02
Kendrick Law,WR,DET,1437,4685441,INJURY_RESERVE,0.02
Ko Kieft,TE,TB,1232,4034779,ACTIVE,0.02
Lan Larison,RB,NE,2504,4698253,ACTIVE,0.02
Lewis Bond,WR,HOU,2593,4683159,ACTIVE,0.02
Luke Lachey,TE,GB,2470,4432338,ACTIVE,0.02
Mason Tipton,WR,NO,1394,4573697,OUT,0.02
Max Brosmer,QB,MIN,2548,4573398,ACTIVE,0.02
Michael Carter,RB,TEN,1897,4240657,ACTIVE,0.02
Nick Mullens,QB,JAX,1680,3059989,ACTIVE,0.02
Robert Tonyan,TE,PIT,1331,2975674,ACTIVE,0.02
Sam Ehlinger,QB,DEN,1353,4241820,ACTIVE,0.02
Scott Matlock,RB,LAC,1375,4373684,INJURY_RESERVE,0.02
Seydou Traore,TE,MIA,1167,4714379,ACTIVE,0.02
Tanner Hudson,TE,CIN,1790,3050481,ACTIVE,0.02
Tanner Koziol,TE,JAX,1229,4917427,ACTIVE,0.02
Tim Patrick,WR,NYJ,1336,3134353,INJURY_RESERVE,0.02
Trey Sermon,RB,ATL,1345,4241401,INJURY_RESERVE,0.02
Ty Chandler,RB,NO,1362,4242431,INJURY_RESERVE,0.02
Tylan Wallace,WR,CLE,1350,4241424,OUT,0.02
Velus Jones Jr.,RB,SEA,1989,4035693,ACTIVE,0.02
Will Levis,QB,NYJ,2114,4361418,ACTIVE,0.02
Ainias Smith,WR,CAR,2314,4428532,ACTIVE,0.01
Allen Robinson,WR,DET,1761,16799,ACTIVE,0.01
Anthony Gould,WR,IND,2309,4429684,ACTIVE,0.01
Bauer Sharp,TE,TB,1442,4890373,ACTIVE,0.01
Ben VanSumeren,RB,KC,2225,4372070,ACTIVE,0.01
Ben Yurosek,TE,MIN,1422,4433959,INJURY_RESERVE,0.01
Brayden Willis,TE,SF,2178,4360290,ACTIVE,0.01
Brevin Jordan,TE,HOU,1349,4362504,ACTIVE,0.01
Caleb Lohner,TE,DEN,1414,4432208,INJURY_RESERVE,0.01
Chris Collier,RB,LV,1401,4698191,INJURY_RESERVE,0.01
Chris Myarick,TE,LV,,3138744,ACTIVE,0.01
Cole Turner,TE,MIA,1361,4361438,INJURY_RESERVE,0.01
Craig Reynolds,RB,WAS,1799,4421446,ACTIVE,0.01
Dalevon Campbell,WR,LAC,1429,4569372,INJURY_RESERVE,0.01
Dallen Bentley,TE,DEN,1447,5159802,ACTIVE,0.01
Dare Ogunbowale,RB,HOU,1624,2983509,ACTIVE,0.01
David Martin-Robinson,TE,TEN,1396,4360978,QUESTIONABLE,0.01
David Sills V,WR,TB,1356,3871102,INJURY_RESERVE,0.01
Dean Connors,RB,LA,,5082269,ACTIVE,0.01
Dennis Houston,WR,TB,2092,4572786,INJURY_RESERVE,0.01
DJ Herman,RB,MIA,,4685116,ACTIVE,0.01
E.J. Jenkins,TE,PHI,1398,4248557,ACTIVE,0.01
Easton Stick,QB,TB,1698,3120590,ACTIVE,0.01
Feleipe Franks,TE,CAR,1354,4034948,ACTIVE,0.01
Graham Mertz,QB,HOU,1411,4426335,INJURY_RESERVE,0.01
Hayden Rucci,TE,LAC,2554,4428396,ACTIVE,0.01
Irv Charles,WR,SEA,1380,3929636,INJURY_RESERVE,0.01
Ja'Lynn Polk,WR,NO,2292,4430637,ACTIVE,0.01
Jack Endries,TE,CIN,1441,5085189,ACTIVE,0.01
Jack Westover,RB,WAS,2437,4361100,ACTIVE,0.01
Jacoby Jones,WR,WAS,1426,5083297,INJURY_RESERVE,0.01
Jake Briningstool,TE,KC,,4431196,ACTIVE,0.01
Jake Haener,QB,NYG,2160,4243322,ACTIVE,0.01
Jaren Kanak,TE,TEN,1438,4877034,INJURY_RESERVE,0.01
Jelani Woods,TE,NYJ,1358,4241410,ACTIVE,0.01
Johnny Wilson,WR,PHI,1393,4686104,INJURY_RESERVE,0.01
Julian Hill,TE,NE,1379,4365395,INJURY_RESERVE,0.01
Kaden Davis,WR,CHI,2395,5065495,ACTIVE,0.01
Keleki Latu,TE,BUF,1423,4688552,ACTIVE,0.01
Kevin Austin Jr.,WR,NO,2398,4372758,ACTIVE,0.01
Kurtis Rourke,QB,SF,1413,4430431,ACTIVE,0.01
Kylen Granson,TE,TEN,1351,4039160,ACTIVE,0.01
Lew Nichols,RB,PIT,2133,4428119,ACTIVE,0.01
Malik McClain,WR,NYJ,,4682509,ACTIVE,0.01
Malik Turner,WR,SF,1610,3115928,ACTIVE,0.01
Mark Redman,TE,GB,,4431346,ACTIVE,0.01
Mike Williams,WR,LAC,1747,3045138,,0.01
Moliki Matavao,TE,NO,1415,4432731,INJURY_RESERVE,0.01
Nick Kallerup,TE,SEA,1424,4569547,ACTIVE,0.01
Nick Vannett,TE,BAL,1597,2576399,ACTIVE,0.01
Nikola Kalinic,TE,CHI,1368,4916349,INJURY_RESERVE,0.01
Parris Campbell,WR,DAL,1722,3121410,ACTIVE,0.01
Princeton Fant,TE,DAL,1383,4242442,INJURY_RESERVE,0.01
Quintin Morris,TE,JAX,1366,4244049,ACTIVE,0.01
Robbie Ouzts,RB,SEA,1416,4691688,INJURY_RESERVE,0.01
Simi Fehoko,WR,ARI,1352,4360739,ACTIVE,0.01
Skylar Thompson,QB,BAL,1363,4036419,INJURY_RESERVE,0.01
Tanner Arkin,TE,NE,,4683308,ACTIVE,0.01
Teagan Quitoriano,TE,ARI,2011,4374045,ACTIVE,0.01
Thomas Fidone II,TE,NYG,1412,4590292,ACTIVE,0.01
Thomas Odukoya,TE,KC,2379,4363554,ACTIVE,0.01
Tip Reiman,TE,ARI,1388,4696700,OUT,0.01
Treyton Welch,TE,NO,2534,4430684,ACTIVE,0.01
Will Mallory,TE,IND,1374,4362523,INJURY_RESERVE,0.01
Xavier Weaver,WR,ARI,2371,4428811,QUESTIONABLE,0.01
AJ McCarron,QB,CIN,1752,16810,ACTIVE,
Brian Hoyer,QB,LV,1764,12477,ACTIVE,
Carter Runyon,TE,LV,1421,5155825,INJURY_RESERVE,0
Damien Harris,RB,BUF,2155,3925347,,
David Bell,WR,CLE,2006,4570409,,0
Jalen Moreno-Cropper,WR,NO,2417,4426990,ACTIVE,0
Josiah Deguara,TE,PHI,1833,3914151,ACTIVE,0
Latavius Murray,RB,BUF,2224,15920,ACTIVE,
Logan Thomas,TE,SF,1750,16813,ACTIVE,
Matt Bushman,TE,KC,2580,4242369,,
Matthew Slater,WR,NE,1758,11387,,
Nick Muse,TE,ATL,2026,4249624,ACTIVE,0
Rondale Moore,WR,MIN,2463,4372485,,
Sean McKeon,TE,IND,1866,4036275,QUESTIONABLE,0
