playerName,season,position,nflTeam,fantasyPoints,gamesPlayed
Adrian Peterson,2015,RB,Min,148.7,16
Le'Veon Bell,2015,RB,Pit,118.9,6
Eddie Lacy,2015,RB,GB,137.5,15
Jamaal Charles,2015,RB,KC,63.8,5
Antonio Brown,2015,WR,Pit,316.4,16
Marshawn Lynch,2015,RB,Sea,103.4,9
DeMarco Murray,2015,RB,Ten,184.9,16
Aaron Rodgers,2015,QB,GB,343.4,16
Rob Gronkowski,2015,TE,NE,178.6,15
Matt Forte,2015,RB,NYJ,112.8,14
Dez Bryant,2015,WR,Dal,110.2,9
C.J. Anderson,2015,RB,Den,152.1,16
Jeremy Hill,2015,RB,Cin,113.2,16
Odell Beckham Jr.,2015,WR,NYG,224.5,15
Demaryius Thomas,2015,WR,Den,187.6,16
Andrew Luck,2015,QB,Ind,253.4,15
Russell Wilson,2015,QB,Sea,293.4,16
LeSean McCoy,2015,RB,Buf,138.2,16
Julio Jones,2015,WR,Atl,279.0,15
Calvin Johnson,2015,WR,Det,188.8,16
A.J. Green,2015,WR,Cin,142.5,9
Lamar Miller,2015,RB,Hou,156.2,16
Randall Cobb,2015,WR,GB,131.8,16
Amari Cooper,2015,WR,Oak,133.2,16
Alshon Jeffery,2015,WR,Chi,114.2,9
Peyton Manning,2015,QB,Den,114.8,10
Mark Ingram,2015,RB,NO,111.4,11
Emmanuel Sanders,2015,WR,Den,162.8,16
Vincent Jackson,2015,WR,TB,92.4,16
T.Y. Hilton,2015,WR,Ind,132.8,15
Tom Brady,2015,QB,NE,288.8,16
Justin Forsett,2015,RB,Bal,43.6,7
Melvin Gordon,2015,RB,SD,88.7,12
Brandin Cooks,2015,WR,NO,138.6,16
Alfred Morris,2015,RB,Dal,98.2,16
Jason Witten,2015,TE,Dal,136.0,16
Jimmy Graham,2015,TE,Sea,92.8,15
Golden Tate,2015,WR,Det,166.4,16
Mike Evans,2015,WR,TB,126.0,15
Frank Gore,2015,RB,Ind,133.4,16
Drew Brees,2015,QB,NO,323.2,15
Carlos Hyde,2015,RB,SF,91.0,13
DeAndre Hopkins,2015,WR,Hou,192.0,16
Jeremy Maclin,2015,WR,KC,142.4,16
Jonathan Stewart,2015,RB,Car,98.8,13
Greg Olsen,2015,TE,Car,147.6,16
Jordan Matthews,2015,WR,Phi,108.8,16
Latavius Murray,2015,RB,Oak,142.4,17
Todd Gurley,2015,RB,StL,227.6,13
Ben Roethlisberger,2015,QB,Pit,275.2,12
Arian Foster,2015,RB,Hou,39.2,4
Keenan Allen,2015,WR,SD,89.6,8
Chris Ivory,2015,RB,Jax,139.6,15
Travis Kelce,2015,TE,KC,117.6,16
Davante Adams,2015,WR,GB,65.6,16
Brandon Marshall,2015,WR,NYJ,172.4,16
Sammy Watkins,2015,WR,Buf,87.2,15
Jarvis Landry,2015,WR,Mia,176.4,16
Allen Robinson,2015,WR,Jax,264.0,16
Devonta Freeman,2015,RB,Atl,232.4,15
Julian Edelman,2015,WR,NE,183.2,13
Matt Ryan,2015,QB,Atl,279.8,16
Delanie Walker,2015,TE,Ten,146.4,16
DeSean Jackson,2015,WR,Wsh,132.8,13
Matthew Stafford,2015,QB,Det,244.6,16
Doug Martin,2015,RB,TB,47.2,6
John Brown,2015,WR,Ari,156.8,14
Ryan Tannehill,2015,QB,Mia,277.8,16
Philip Rivers,2015,QB,SD,279.2,16
Cam Newton,2015,QB,Car,387.8,16
Tyler Eifert,2015,TE,Cin,165.6,12
Derek Carr,2015,QB,Oak,253.4,16
Jameis Winston,2015,QB,TB,222.8,16
Larry Fitzgerald,2015,WR,Ari,228.8,16
Steve Smith Sr.,2015,WR,Bal,142.4,14
Tevin Coleman,2015,RB,Atl,89.6,12
Jeremy Langford,2015,RB,Chi,68.8,15
