team,week,opponent,home,kickoff,status,teamScore,oppScore
ARI,1,LAC,0,2026-09-13T20:25Z,FINAL,26,14
ARI,2,SEA,1,2026-09-20T20:25Z,FINAL,7,31
ARI,3,SF,0,2026-09-27T20:05Z,FINAL,30,36
ARI,4,NYG,0,2026-10-04T17:00Z,SCHEDULED,0,0
ARI,5,DET,1,2026-10-11T20:25Z,SCHEDULED,0,0
ARI,6,LA,0,2026-10-18T20:05Z,SCHEDULED,0,0
ARI,7,DEN,1,2026-10-25T20:05Z,SCHEDULED,0,0
ARI,8,DAL,0,2026-11-01T18:00Z,SCHEDULED,0,0
ARI,9,SEA,0,2026-11-08T21:25Z,SCHEDULED,0,0
ARI,10,LA,1,2026-11-15T21:05Z,SCHEDULED,0,0
ARI,11,KC,0,2026-11-22T18:00Z,SCHEDULED,0,0
ARI,12,WAS,1,2026-11-29T21:25Z,SCHEDULED,0,0
ARI,13,PHI,1,2026-12-06T21:05Z,SCHEDULED,0,0
ARI,14,BYE,,,,,
ARI,15,NYJ,1,2026-12-20T21:05Z,SCHEDULED,0,0
ARI,16,NO,0,2026-12-27T18:00Z,SCHEDULED,0,0
ARI,17,LV,1,2027-01-03T21:05Z,SCHEDULED,0,0
ARI,18,SF,1,2027-01-10T05:00Z,SCHEDULED,0,0
ATL,1,PIT,0,2026-09-13T17:00Z,FINAL,13,20
ATL,2,CAR,1,2026-09-20T17:00Z,FINAL,3,34
ATL,3,GB,0,2026-09-25T00:15Z,FINAL,35,14
ATL,4,NO,0,2026-10-06T00:15Z,SCHEDULED,0,0
ATL,5,BAL,1,2026-10-12T00:20Z,SCHEDULED,0,0
ATL,6,CHI,1,2026-10-18T17:00Z,SCHEDULED,0,0
ATL,7,SF,1,2026-10-25T17:00Z,SCHEDULED,0,0
ATL,8,TB,0,2026-11-01T18:00Z,SCHEDULED,0,0
ATL,9,CIN,1,2026-11-08T14:30Z,SCHEDULED,0,0
ATL,10,KC,1,2026-11-15T18:00Z,SCHEDULED,0,0
ATL,11,BYE,,,,,
ATL,12,MIN,0,2026-11-29T18:00Z,SCHEDULED,0,0
ATL,13,DET,1,2026-12-06T18:00Z,SCHEDULED,0,0
ATL,14,CLE,0,2026-12-13T18:00Z,SCHEDULED,0,0
ATL,15,WAS,0,2026-12-20T18:00Z,SCHEDULED,0,0
ATL,16,TB,1,2026-12-27T05:00Z,SCHEDULED,0,0
ATL,17,NO,1,2027-01-03T18:00Z,SCHEDULED,0,0
ATL,18,CAR,0,2027-01-10T05:00Z,SCHEDULED,0,0
BAL,1,IND,0,2026-09-13T17:00Z,FINAL,41,23
BAL,2,NO,1,2026-09-20T17:00Z,FINAL,17,24
BAL,3,DAL,0,2026-09-27T20:25Z,FINAL,34,31
BAL,4,TEN,1,2026-10-04T17:00Z,SCHEDULED,0,0
BAL,5,ATL,0,2026-10-12T00:20Z,SCHEDULED,0,0
BAL,6,CLE,0,2026-10-18T17:00Z,SCHEDULED,0,0
BAL,7,CIN,1,2026-10-25T17:00Z,SCHEDULED,0,0
BAL,8,BUF,0,2026-11-01T18:00Z,SCHEDULED,0,0
BAL,9,JAX,1,2026-11-06T01:15Z,SCHEDULED,0,0
BAL,10,LAC,1,2026-11-17T01:15Z,SCHEDULED,0,0
BAL,11,CAR,0,2026-11-22T18:00Z,SCHEDULED,0,0
BAL,12,HOU,0,2026-11-29T18:00Z,SCHEDULED,0,0
BAL,13,BYE,,,,,
BAL,14,TB,1,2026-12-13T18:00Z,SCHEDULED,0,0
BAL,15,PIT,0,2026-12-20T18:00Z,SCHEDULED,0,0
BAL,16,CLE,1,2026-12-27T18:00Z,SCHEDULED,0,0
BAL,17,CIN,0,2027-01-01T01:15Z,SCHEDULED,0,0
BAL,18,PIT,1,2027-01-10T05:00Z,SCHEDULED,0,0
BUF,1,HOU,0,2026-09-13T17:00Z,FINAL,36,31
BUF,2,DET,1,2026-09-18T00:15Z,FINAL,41,31
BUF,3,LAC,1,2026-09-27T17:00Z,FINAL,24,16
BUF,4,NE,1,2026-10-04T17:00Z,SCHEDULED,0,0
BUF,5,LA,0,2026-10-13T00:15Z,SCHEDULED,0,0
BUF,6,LV,0,2026-10-18T20:25Z,SCHEDULED,0,0
BUF,7,BYE,,,,,
BUF,8,BAL,1,2026-11-01T18:00Z,SCHEDULED,0,0
BUF,9,MIN,0,2026-11-10T01:15Z,SCHEDULED,0,0
BUF,10,NYJ,0,2026-11-15T18:00Z,SCHEDULED,0,0
BUF,11,MIA,1,2026-11-22T18:00Z,SCHEDULED,0,0
BUF,12,KC,1,2026-11-27T01:20Z,SCHEDULED,0,0
BUF,13,NE,0,2026-12-06T21:25Z,SCHEDULED,0,0
BUF,14,GB,0,2026-12-14T01:20Z,SCHEDULED,0,0
BUF,15,CHI,1,2026-12-20T01:20Z,SCHEDULED,0,0
BUF,16,DEN,0,2026-12-25T21:30Z,SCHEDULED,0,0
BUF,17,MIA,0,2027-01-03T18:00Z,SCHEDULED,0,0
BUF,18,NYJ,1,2027-01-10T05:00Z,SCHEDULED,0,0
CAR,1,CHI,1,2026-09-13T17:00Z,FINAL,37,59
CAR,2,ATL,0,2026-09-20T17:00Z,FINAL,34,3
CAR,3,CLE,0,2026-09-27T17:00Z,FINAL,18,21
CAR,4,DET,1,2026-10-05T00:20Z,SCHEDULED,0,0
CAR,5,BYE,,,,,
CAR,6,PHI,0,2026-10-18T17:00Z,SCHEDULED,0,0
CAR,7,TB,1,2026-10-25T17:00Z,SCHEDULED,0,0
CAR,8,GB,0,2026-10-30T00:15Z,SCHEDULED,0,0
CAR,9,DEN,1,2026-11-08T18:00Z,SCHEDULED,0,0
CAR,10,NO,0,2026-11-15T18:00Z,SCHEDULED,0,0
CAR,11,BAL,1,2026-11-22T18:00Z,SCHEDULED,0,0
CAR,12,TB,0,2026-12-01T01:15Z,SCHEDULED,0,0
CAR,13,MIN,0,2026-12-06T21:25Z,SCHEDULED,0,0
CAR,14,NO,1,2026-12-13T18:00Z,SCHEDULED,0,0
CAR,15,CIN,1,2026-12-20T18:00Z,SCHEDULED,0,0
CAR,16,PIT,0,2026-12-27T05:00Z,SCHEDULED,0,0
CAR,17,SEA,1,2027-01-03T18:00Z,SCHEDULED,0,0
CAR,18,ATL,1,2027-01-10T05:00Z,SCHEDULED,0,0
CHI,1,CAR,0,2026-09-13T17:00Z,FINAL,59,37
CHI,2,MIN,1,2026-09-20T17:00Z,FINAL,3,9
CHI,3,PHI,1,2026-09-29T00:15Z,FINAL,27,7
CHI,4,NYJ,1,2026-10-04T17:00Z,SCHEDULED,0,0
CHI,5,GB,0,2026-10-11T17:00Z,SCHEDULED,0,0
CHI,6,ATL,0,2026-10-18T17:00Z,SCHEDULED,0,0
CHI,7,NE,1,2026-10-23T00:15Z,SCHEDULED,0,0
CHI,8,SEA,0,2026-11-03T01:15Z,SCHEDULED,0,0
CHI,9,TB,1,2026-11-09T01:20Z,SCHEDULED,0,0
CHI,10,BYE,,,,,
CHI,11,NO,1,2026-11-22T18:00Z,SCHEDULED,0,0
CHI,12,DET,0,2026-11-26T18:00Z,SCHEDULED,0,0
CHI,13,JAX,1,2026-12-06T18:00Z,SCHEDULED,0,0
CHI,14,MIA,0,2026-12-13T18:00Z,SCHEDULED,0,0
CHI,15,BUF,0,2026-12-20T01:20Z,SCHEDULED,0,0
CHI,16,GB,1,2026-12-25T18:00Z,SCHEDULED,0,0
CHI,17,DET,1,2027-01-03T21:25Z,SCHEDULED,0,0
CHI,18,MIN,0,2027-01-10T05:00Z,SCHEDULED,0,0
CIN,1,TB,1,2026-09-13T17:00Z,FINAL,33,27
CIN,2,HOU,0,2026-09-20T17:00Z,FINAL,20,6
CIN,3,PIT,0,2026-09-27T17:00Z,FINAL,27,30
CIN,4,JAX,1,2026-10-04T17:00Z,SCHEDULED,0,0
CIN,5,MIA,0,2026-10-11T17:00Z,SCHEDULED,0,0
CIN,6,BYE,,,,,
CIN,7,BAL,0,2026-10-25T17:00Z,SCHEDULED,0,0
CIN,8,TEN,1,2026-11-01T18:00Z,SCHEDULED,0,0
CIN,9,ATL,0,2026-11-08T14:30Z,SCHEDULED,0,0
CIN,10,PIT,1,2026-11-16T01:20Z,SCHEDULED,0,0
CIN,11,WAS,0,2026-11-24T01:15Z,SCHEDULED,0,0
CIN,12,NO,1,2026-11-29T18:00Z,SCHEDULED,0,0
CIN,13,CLE,0,2026-12-06T18:00Z,SCHEDULED,0,0
CIN,14,KC,1,2026-12-13T21:25Z,SCHEDULED,0,0
CIN,15,CAR,0,2026-12-20T18:00Z,SCHEDULED,0,0
CIN,16,IND,0,2026-12-27T05:00Z,SCHEDULED,0,0
CIN,17,BAL,1,2027-01-01T01:15Z,SCHEDULED,0,0
CIN,18,CLE,1,2027-01-10T05:00Z,SCHEDULED,0,0
CLE,1,JAX,0,2026-09-13T17:00Z,FINAL,10,34
CLE,2,TB,0,2026-09-20T17:00Z,FINAL,23,19
CLE,3,CAR,1,2026-09-27T17:00Z,FINAL,21,18
CLE,4,PIT,1,2026-10-02T00:15Z,SCHEDULED,0,0
CLE,5,NYJ,0,2026-10-11T17:00Z,SCHEDULED,0,0
CLE,6,BAL,1,2026-10-18T17:00Z,SCHEDULED,0,0
CLE,7,TEN,0,2026-10-25T17:00Z,SCHEDULED,0,0
CLE,8,PIT,0,2026-11-01T18:00Z,SCHEDULED,0,0
CLE,9,NO,0,2026-11-08T18:00Z,SCHEDULED,0,0
CLE,10,HOU,1,2026-11-15T18:00Z,SCHEDULED,0,0
CLE,11,BYE,,,,,
CLE,12,LV,1,2026-11-29T18:00Z,SCHEDULED,0,0
CLE,13,CIN,1,2026-12-06T18:00Z,SCHEDULED,0,0
CLE,14,ATL,1,2026-12-13T18:00Z,SCHEDULED,0,0
CLE,15,NYG,0,2026-12-20T18:00Z,SCHEDULED,0,0
CLE,16,BAL,0,2026-12-27T18:00Z,SCHEDULED,0,0
CLE,17,IND,1,2027-01-03T18:00Z,SCHEDULED,0,0
CLE,18,CIN,0,2027-01-10T05:00Z,SCHEDULED,0,0
DAL,1,NYG,0,2026-09-14T00:20Z,FINAL,20,28
DAL,2,WAS,1,2026-09-20T20:25Z,FINAL,37,20
DAL,3,BAL,1,2026-09-27T20:25Z,FINAL,31,34
DAL,4,HOU,0,2026-10-04T17:00Z,SCHEDULED,0,0
DAL,5,TB,1,2026-10-09T00:15Z,SCHEDULED,0,0
DAL,6,GB,0,2026-10-19T00:20Z,SCHEDULED,0,0
DAL,7,PHI,0,2026-10-27T00:15Z,SCHEDULED,0,0
DAL,8,ARI,1,2026-11-01T18:00Z,SCHEDULED,0,0
DAL,9,IND,0,2026-11-08T18:00Z,SCHEDULED,0,0
DAL,10,SF,1,2026-11-15T21:25Z,SCHEDULED,0,0
DAL,11,TEN,1,2026-11-22T18:00Z,SCHEDULED,0,0
DAL,12,PHI,1,2026-11-26T21:30Z,SCHEDULED,0,0
DAL,13,SEA,0,2026-12-08T01:15Z,SCHEDULED,0,0
DAL,14,BYE,,,,,
DAL,15,LA,0,2026-12-20T21:25Z,SCHEDULED,0,0
DAL,16,JAX,1,2026-12-28T01:20Z,SCHEDULED,0,0
DAL,17,NYG,1,2027-01-03T18:00Z,SCHEDULED,0,0
DAL,18,WAS,0,2027-01-10T05:00Z,SCHEDULED,0,0
DEN,1,KC,0,2026-09-15T00:15Z,FINAL,10,31
DEN,2,JAX,1,2026-09-20T20:05Z,FINAL,20,13
DEN,3,LA,1,2026-09-28T00:20Z,FINAL,30,26
DEN,4,SF,0,2026-10-04T20:25Z,SCHEDULED,0,0
DEN,5,LAC,0,2026-10-11T20:05Z,SCHEDULED,0,0
DEN,6,SEA,1,2026-10-16T00:15Z,SCHEDULED,0,0
DEN,7,ARI,0,2026-10-25T20:05Z,SCHEDULED,0,0
DEN,8,KC,1,2026-11-01T21:25Z,SCHEDULED,0,0
DEN,9,CAR,0,2026-11-08T18:00Z,SCHEDULED,0,0
DEN,10,BYE,,,,,
DEN,11,LV,1,2026-11-22T21:25Z,SCHEDULED,0,0
DEN,12,PIT,0,2026-11-27T20:00Z,SCHEDULED,0,0
DEN,13,MIA,1,2026-12-06T21:05Z,SCHEDULED,0,0
DEN,14,NYJ,0,2026-12-13T18:00Z,SCHEDULED,0,0
DEN,15,LV,0,2026-12-20T21:25Z,SCHEDULED,0,0
DEN,16,BUF,1,2026-12-25T21:30Z,SCHEDULED,0,0
DEN,17,NE,0,2027-01-03T05:00Z,SCHEDULED,0,0
DEN,18,LAC,1,2027-01-10T05:00Z,SCHEDULED,0,0
DET,1,NO,1,2026-09-13T17:00Z,FINAL,31,30
DET,2,BUF,0,2026-09-18T00:15Z,FINAL,31,41
DET,3,NYJ,1,2026-09-27T17:00Z,FINAL,31,24
DET,4,CAR,0,2026-10-05T00:20Z,SCHEDULED,0,0
DET,5,ARI,0,2026-10-11T20:25Z,SCHEDULED,0,0
DET,6,BYE,,,,,
DET,7,GB,1,2026-10-25T20:25Z,SCHEDULED,0,0
DET,8,MIN,1,2026-11-01T18:00Z,SCHEDULED,0,0
DET,9,MIA,0,2026-11-08T18:00Z,SCHEDULED,0,0
DET,10,NE,1,2026-11-15T14:30Z,SCHEDULED,0,0
DET,11,TB,1,2026-11-22T18:00Z,SCHEDULED,0,0
DET,12,CHI,1,2026-11-26T18:00Z,SCHEDULED,0,0
DET,13,ATL,0,2026-12-06T18:00Z,SCHEDULED,0,0
DET,14,TEN,1,2026-12-13T18:00Z,SCHEDULED,0,0
DET,15,MIN,0,2026-12-21T01:20Z,SCHEDULED,0,0
DET,16,NYG,1,2026-12-29T01:15Z,SCHEDULED,0,0
DET,17,CHI,0,2027-01-03T21:25Z,SCHEDULED,0,0
DET,18,GB,0,2027-01-10T05:00Z,SCHEDULED,0,0
GB,1,MIN,0,2026-09-13T20:25Z,FINAL,22,39
GB,2,NYJ,0,2026-09-20T17:00Z,FINAL,20,17
GB,3,ATL,1,2026-09-25T00:15Z,FINAL,14,35
GB,4,TB,0,2026-10-04T17:00Z,SCHEDULED,0,0
GB,5,CHI,1,2026-10-11T17:00Z,SCHEDULED,0,0
GB,6,DAL,1,2026-10-19T00:20Z,SCHEDULED,0,0
GB,7,DET,0,2026-10-25T20:25Z,SCHEDULED,0,0
GB,8,CAR,1,2026-10-30T00:15Z,SCHEDULED,0,0
GB,9,NE,0,2026-11-08T21:25Z,SCHEDULED,0,0
GB,10,MIN,1,2026-11-15T18:00Z,SCHEDULED,0,0
GB,11,BYE,,,,,
GB,12,LA,0,2026-11-26T01:00Z,SCHEDULED,0,0
GB,13,NO,0,2026-12-06T18:00Z,SCHEDULED,0,0
GB,14,BUF,1,2026-12-14T01:20Z,SCHEDULED,0,0
GB,15,MIA,1,2026-12-20T18:00Z,SCHEDULED,0,0
GB,16,CHI,0,2026-12-25T18:00Z,SCHEDULED,0,0
GB,17,HOU,1,2027-01-05T01:15Z,SCHEDULED,0,0
GB,18,DET,1,2027-01-10T05:00Z,SCHEDULED,0,0
HOU,1,BUF,1,2026-09-13T17:00Z,FINAL,31,36
HOU,2,CIN,1,2026-09-20T17:00Z,FINAL,6,20
HOU,3,IND,0,2026-09-27T17:00Z,FINAL,17,19
HOU,4,DAL,1,2026-10-04T17:00Z,SCHEDULED,0,0
HOU,5,TEN,0,2026-10-11T17:00Z,SCHEDULED,0,0
HOU,6,JAX,0,2026-10-18T13:30Z,SCHEDULED,0,0
HOU,7,NYG,1,2026-10-25T17:00Z,SCHEDULED,0,0
HOU,8,BYE,,,,,
HOU,9,LAC,0,2026-11-08T21:05Z,SCHEDULED,0,0
HOU,10,CLE,0,2026-11-15T18:00Z,SCHEDULED,0,0
HOU,11,IND,1,2026-11-20T01:15Z,SCHEDULED,0,0
HOU,12,BAL,1,2026-11-29T18:00Z,SCHEDULED,0,0
HOU,13,PIT,0,2026-12-07T01:20Z,SCHEDULED,0,0
HOU,14,WAS,0,2026-12-13T18:00Z,SCHEDULED,0,0
HOU,15,JAX,1,2026-12-20T18:00Z,SCHEDULED,0,0
HOU,16,PHI,0,2026-12-25T01:15Z,SCHEDULED,0,0
HOU,17,GB,0,2027-01-05T01:15Z,SCHEDULED,0,0
HOU,18,TEN,1,2027-01-10T05:00Z,SCHEDULED,0,0
IND,1,BAL,1,2026-09-13T17:00Z,FINAL,23,41
IND,2,KC,0,2026-09-21T00:20Z,FINAL,30,33
IND,3,HOU,1,2026-09-27T17:00Z,FINAL,19,17
IND,4,WAS,0,2026-10-04T13:30Z,SCHEDULED,0,0
IND,5,PIT,0,2026-10-11T17:00Z,SCHEDULED,0,0
IND,6,TEN,1,2026-10-18T17:00Z,SCHEDULED,0,0
IND,7,MIN,0,2026-10-25T17:00Z,SCHEDULED,0,0
IND,8,JAX,0,2026-11-01T18:00Z,SCHEDULED,0,0
IND,9,DAL,1,2026-11-08T18:00Z,SCHEDULED,0,0
IND,10,MIA,1,2026-11-15T18:00Z,SCHEDULED,0,0
IND,11,HOU,0,2026-11-20T01:15Z,SCHEDULED,0,0
IND,12,NYG,1,2026-11-29T18:00Z,SCHEDULED,0,0
IND,13,BYE,,,,,
IND,14,PHI,0,2026-12-13T18:00Z,SCHEDULED,0,0
IND,15,TEN,0,2026-12-20T18:00Z,SCHEDULED,0,0
IND,16,CIN,1,2026-12-27T05:00Z,SCHEDULED,0,0
IND,17,CLE,0,2027-01-03T18:00Z,SCHEDULED,0,0
IND,18,JAX,1,2027-01-10T05:00Z,SCHEDULED,0,0
JAX,1,CLE,1,2026-09-13T17:00Z,FINAL,34,10
JAX,2,DEN,0,2026-09-20T20:05Z,FINAL,13,20
JAX,3,NE,1,2026-09-27T17:00Z,FINAL,35,6
JAX,4,CIN,0,2026-10-04T17:00Z,SCHEDULED,0,0
JAX,5,PHI,1,2026-10-11T13:30Z,SCHEDULED,0,0
JAX,6,HOU,1,2026-10-18T13:30Z,SCHEDULED,0,0
JAX,7,BYE,,,,,
JAX,8,IND,1,2026-11-01T18:00Z,SCHEDULED,0,0
JAX,9,BAL,0,2026-11-06T01:15Z,SCHEDULED,0,0
JAX,10,TEN,0,2026-11-15T18:00Z,SCHEDULED,0,0
JAX,11,NYG,0,2026-11-22T18:00Z,SCHEDULED,0,0
JAX,12,TEN,1,2026-11-29T21:05Z,SCHEDULED,0,0
JAX,13,CHI,0,2026-12-06T18:00Z,SCHEDULED,0,0
JAX,14,PIT,1,2026-12-15T01:15Z,SCHEDULED,0,0
JAX,15,HOU,0,2026-12-20T18:00Z,SCHEDULED,0,0
JAX,16,DAL,0,2026-12-28T01:20Z,SCHEDULED,0,0
JAX,17,WAS,1,2027-01-03T05:00Z,SCHEDULED,0,0
JAX,18,IND,0,2027-01-10T05:00Z,SCHEDULED,0,0
KC,1,DEN,1,2026-09-15T00:15Z,FINAL,31,10
KC,2,IND,1,2026-09-21T00:20Z,FINAL,33,30
KC,3,MIA,0,2026-09-27T17:00Z,FINAL,24,10
KC,4,LV,0,2026-10-04T20:25Z,SCHEDULED,0,0
KC,5,BYE,,,,,
KC,6,LAC,1,2026-10-18T20:25Z,SCHEDULED,0,0
KC,7,SEA,0,2026-10-26T00:20Z,SCHEDULED,0,0
KC,8,DEN,0,2026-11-01T21:25Z,SCHEDULED,0,0
KC,9,NYJ,1,2026-11-08T18:00Z,SCHEDULED,0,0
KC,10,ATL,0,2026-11-15T18:00Z,SCHEDULED,0,0
KC,11,ARI,1,2026-11-22T18:00Z,SCHEDULED,0,0
KC,12,BUF,0,2026-11-27T01:20Z,SCHEDULED,0,0
KC,13,LA,0,2026-12-04T01:15Z,SCHEDULED,0,0
KC,14,CIN,0,2026-12-13T21:25Z,SCHEDULED,0,0
KC,15,NE,1,2026-12-22T01:15Z,SCHEDULED,0,0
KC,16,SF,1,2026-12-27T21:25Z,SCHEDULED,0,0
KC,17,LAC,0,2027-01-03T05:00Z,SCHEDULED,0,0
KC,18,LV,1,2027-01-10T05:00Z,SCHEDULED,0,0
LA,1,SF,1,2026-09-11T00:35Z,FINAL,7,27
LA,2,NYG,1,2026-09-22T00:15Z,FINAL,28,6
LA,3,DEN,0,2026-09-28T00:20Z,FINAL,26,30
LA,4,PHI,0,2026-10-04T17:00Z,SCHEDULED,0,0
LA,5,BUF,1,2026-10-13T00:15Z,SCHEDULED,0,0
LA,6,ARI,1,2026-10-18T20:05Z,SCHEDULED,0,0
LA,7,LV,0,2026-10-25T20:25Z,SCHEDULED,0,0
LA,8,LAC,1,2026-11-01T21:05Z,SCHEDULED,0,0
LA,9,WAS,0,2026-11-08T18:00Z,SCHEDULED,0,0
LA,10,ARI,0,2026-11-15T21:05Z,SCHEDULED,0,0
LA,11,BYE,,,,,
LA,12,GB,1,2026-11-26T01:00Z,SCHEDULED,0,0
LA,13,KC,1,2026-12-04T01:15Z,SCHEDULED,0,0
LA,14,SF,0,2026-12-13T21:25Z,SCHEDULED,0,0
LA,15,DAL,1,2026-12-20T21:25Z,SCHEDULED,0,0
LA,16,SEA,0,2026-12-26T01:15Z,SCHEDULED,0,0
LA,17,TB,0,2027-01-03T05:00Z,SCHEDULED,0,0
LA,18,SEA,1,2027-01-10T05:00Z,SCHEDULED,0,0
LAC,1,ARI,1,2026-09-13T20:25Z,FINAL,14,26
LAC,2,LV,1,2026-09-20T20:05Z,FINAL,14,26
LAC,3,BUF,0,2026-09-27T17:00Z,FINAL,16,24
LAC,4,SEA,0,2026-10-04T20:25Z,SCHEDULED,0,0
LAC,5,DEN,1,2026-10-11T20:05Z,SCHEDULED,0,0
LAC,6,KC,0,2026-10-18T20:25Z,SCHEDULED,0,0
LAC,7,BYE,,,,,
LAC,8,LA,0,2026-11-01T21:05Z,SCHEDULED,0,0
LAC,9,HOU,1,2026-11-08T21:05Z,SCHEDULED,0,0
LAC,10,BAL,0,2026-11-17T01:15Z,SCHEDULED,0,0
LAC,11,NYJ,1,2026-11-22T21:05Z,SCHEDULED,0,0
LAC,12,NE,1,2026-11-30T01:20Z,SCHEDULED,0,0
LAC,13,TB,0,2026-12-06T18:00Z,SCHEDULED,0,0
LAC,14,LV,0,2026-12-13T21:05Z,SCHEDULED,0,0
LAC,15,SF,1,2026-12-18T01:15Z,SCHEDULED,0,0
LAC,16,MIA,0,2026-12-27T18:00Z,SCHEDULED,0,0
LAC,17,KC,1,2027-01-03T05:00Z,SCHEDULED,0,0
LAC,18,DEN,0,2027-01-10T05:00Z,SCHEDULED,0,0
LV,1,MIA,1,2026-09-13T20:25Z,FINAL,27,13
LV,2,LAC,0,2026-09-20T20:05Z,FINAL,26,14
LV,3,NO,0,2026-09-27T20:25Z,FINAL,35,27
LV,4,KC,1,2026-10-04T20:25Z,SCHEDULED,0,0
LV,5,NE,0,2026-10-11T17:00Z,SCHEDULED,0,0
LV,6,BUF,1,2026-10-18T20:25Z,SCHEDULED,0,0
LV,7,LA,1,2026-10-25T20:25Z,SCHEDULED,0,0
LV,8,NYJ,0,2026-11-01T18:00Z,SCHEDULED,0,0
LV,9,SF,0,2026-11-08T21:05Z,SCHEDULED,0,0
LV,10,SEA,1,2026-11-15T21:05Z,SCHEDULED,0,0
LV,11,DEN,0,2026-11-22T21:25Z,SCHEDULED,0,0
LV,12,CLE,0,2026-11-29T18:00Z,SCHEDULED,0,0
LV,13,BYE,,,,,
LV,14,LAC,1,2026-12-13T21:05Z,SCHEDULED,0,0
LV,15,DEN,1,2026-12-20T21:25Z,SCHEDULED,0,0
LV,16,TEN,1,2026-12-27T21:05Z,SCHEDULED,0,0
LV,17,ARI,0,2027-01-03T21:05Z,SCHEDULED,0,0
LV,18,KC,0,2027-01-10T05:00Z,SCHEDULED,0,0
MIA,1,LV,0,2026-09-13T20:25Z,FINAL,13,27
MIA,2,SF,0,2026-09-20T20:25Z,FINAL,13,35
MIA,3,KC,1,2026-09-27T17:00Z,FINAL,10,24
MIA,4,MIN,0,2026-10-04T20:05Z,SCHEDULED,0,0
MIA,5,CIN,1,2026-10-11T17:00Z,SCHEDULED,0,0
MIA,6,BYE,,,,,
MIA,7,NYJ,0,2026-10-25T17:00Z,SCHEDULED,0,0
MIA,8,NE,1,2026-11-01T21:25Z,SCHEDULED,0,0
MIA,9,DET,1,2026-11-08T18:00Z,SCHEDULED,0,0
MIA,10,IND,0,2026-11-15T18:00Z,SCHEDULED,0,0
MIA,11,BUF,0,2026-11-22T18:00Z,SCHEDULED,0,0
MIA,12,NYJ,1,2026-11-29T18:00Z,SCHEDULED,0,0
MIA,13,DEN,0,2026-12-06T21:05Z,SCHEDULED,0,0
MIA,14,CHI,1,2026-12-13T18:00Z,SCHEDULED,0,0
MIA,15,GB,0,2026-12-20T18:00Z,SCHEDULED,0,0
MIA,16,LAC,1,2026-12-27T18:00Z,SCHEDULED,0,0
MIA,17,BUF,1,2027-01-03T18:00Z,SCHEDULED,0,0
MIA,18,NE,0,2027-01-10T05:00Z,SCHEDULED,0,0
MIN,1,GB,1,2026-09-13T20:25Z,FINAL,39,22
MIN,2,CHI,0,2026-09-20T17:00Z,FINAL,9,3
MIN,3,TB,0,2026-09-27T20:05Z,FINAL,23,16
MIN,4,MIA,1,2026-10-04T20:05Z,SCHEDULED,0,0
MIN,5,NO,0,2026-10-11T17:00Z,SCHEDULED,0,0
MIN,6,BYE,,,,,
MIN,7,IND,1,2026-10-25T17:00Z,SCHEDULED,0,0
MIN,8,DET,0,2026-11-01T18:00Z,SCHEDULED,0,0
MIN,9,BUF,1,2026-11-10T01:15Z,SCHEDULED,0,0
MIN,10,GB,0,2026-11-15T18:00Z,SCHEDULED,0,0
MIN,11,SF,0,2026-11-23T01:20Z,SCHEDULED,0,0
MIN,12,ATL,1,2026-11-29T18:00Z,SCHEDULED,0,0
MIN,13,CAR,1,2026-12-06T21:25Z,SCHEDULED,0,0
MIN,14,NE,0,2026-12-11T01:15Z,SCHEDULED,0,0
MIN,15,DET,1,2026-12-21T01:20Z,SCHEDULED,0,0
MIN,16,WAS,1,2026-12-27T05:00Z,SCHEDULED,0,0
MIN,17,NYJ,0,2027-01-03T18:00Z,SCHEDULED,0,0
MIN,18,CHI,1,2027-01-10T05:00Z,SCHEDULED,0,0
NE,1,SEA,0,2026-09-10T00:20Z,FINAL,10,13
NE,2,PIT,1,2026-09-20T17:00Z,FINAL,20,3
NE,3,JAX,0,2026-09-27T17:00Z,FINAL,6,35
NE,4,BUF,0,2026-10-04T17:00Z,SCHEDULED,0,0
NE,5,LV,1,2026-10-11T17:00Z,SCHEDULED,0,0
NE,6,NYJ,1,2026-10-18T17:00Z,SCHEDULED,0,0
NE,7,CHI,0,2026-10-23T00:15Z,SCHEDULED,0,0
NE,8,MIA,0,2026-11-01T21:25Z,SCHEDULED,0,0
NE,9,GB,1,2026-11-08T21:25Z,SCHEDULED,0,0
NE,10,DET,0,2026-11-15T14:30Z,SCHEDULED,0,0
NE,11,BYE,,,,,
NE,12,LAC,0,2026-11-30T01:20Z,SCHEDULED,0,0
NE,13,BUF,1,2026-12-06T21:25Z,SCHEDULED,0,0
NE,14,MIN,1,2026-12-11T01:15Z,SCHEDULED,0,0
NE,15,KC,0,2026-12-22T01:15Z,SCHEDULED,0,0
NE,16,NYJ,0,2026-12-27T18:00Z,SCHEDULED,0,0
NE,17,DEN,1,2027-01-03T05:00Z,SCHEDULED,0,0
NE,18,MIA,1,2027-01-10T05:00Z,SCHEDULED,0,0
NO,1,DET,0,2026-09-13T17:00Z,FINAL,30,31
NO,2,BAL,0,2026-09-20T17:00Z,FINAL,24,17
NO,3,LV,1,2026-09-27T20:25Z,FINAL,27,35
NO,4,ATL,1,2026-10-06T00:15Z,SCHEDULED,0,0
NO,5,MIN,1,2026-10-11T17:00Z,SCHEDULED,0,0
NO,6,NYG,0,2026-10-18T17:00Z,SCHEDULED,0,0
NO,7,PIT,1,2026-10-25T13:30Z,SCHEDULED,0,0
NO,8,BYE,,,,,
NO,9,CLE,1,2026-11-08T18:00Z,SCHEDULED,0,0
NO,10,CAR,1,2026-11-15T18:00Z,SCHEDULED,0,0
NO,11,CHI,0,2026-11-22T18:00Z,SCHEDULED,0,0
NO,12,CIN,0,2026-11-29T18:00Z,SCHEDULED,0,0
NO,13,GB,1,2026-12-06T18:00Z,SCHEDULED,0,0
NO,14,CAR,0,2026-12-13T18:00Z,SCHEDULED,0,0
NO,15,TB,0,2026-12-20T18:00Z,SCHEDULED,0,0
NO,16,ARI,1,2026-12-27T18:00Z,SCHEDULED,0,0
NO,17,ATL,0,2027-01-03T18:00Z,SCHEDULED,0,0
NO,18,TB,1,2027-01-10T05:00Z,SCHEDULED,0,0
NYG,1,DAL,1,2026-09-14T00:20Z,FINAL,28,20
NYG,2,LA,0,2026-09-22T00:15Z,FINAL,6,28
NYG,3,TEN,1,2026-09-27T17:00Z,FINAL,12,7
NYG,4,ARI,1,2026-10-04T17:00Z,SCHEDULED,0,0
NYG,5,WAS,0,2026-10-11T17:00Z,SCHEDULED,0,0
NYG,6,NO,1,2026-10-18T17:00Z,SCHEDULED,0,0
NYG,7,HOU,0,2026-10-25T17:00Z,SCHEDULED,0,0
NYG,8,BYE,,,,,
NYG,9,PHI,0,2026-11-08T18:00Z,SCHEDULED,0,0
NYG,10,WAS,1,2026-11-13T01:15Z,SCHEDULED,0,0
NYG,11,JAX,1,2026-11-22T18:00Z,SCHEDULED,0,0
NYG,12,IND,0,2026-11-29T18:00Z,SCHEDULED,0,0
NYG,13,SF,1,2026-12-06T18:00Z,SCHEDULED,0,0
NYG,14,SEA,0,2026-12-13T21:25Z,SCHEDULED,0,0
NYG,15,CLE,1,2026-12-20T18:00Z,SCHEDULED,0,0
NYG,16,DET,0,2026-12-29T01:15Z,SCHEDULED,0,0
NYG,17,DAL,0,2027-01-03T18:00Z,SCHEDULED,0,0
NYG,18,PHI,1,2027-01-10T05:00Z,SCHEDULED,0,0
NYJ,1,TEN,0,2026-09-13T17:00Z,FINAL,23,10
NYJ,2,GB,1,2026-09-20T17:00Z,FINAL,17,20
NYJ,3,DET,0,2026-09-27T17:00Z,FINAL,24,31
NYJ,4,CHI,0,2026-10-04T17:00Z,SCHEDULED,0,0
NYJ,5,CLE,1,2026-10-11T17:00Z,SCHEDULED,0,0
NYJ,6,NE,0,2026-10-18T17:00Z,SCHEDULED,0,0
NYJ,7,MIA,1,2026-10-25T17:00Z,SCHEDULED,0,0
NYJ,8,LV,1,2026-11-01T18:00Z,SCHEDULED,0,0
NYJ,9,KC,0,2026-11-08T18:00Z,SCHEDULED,0,0
NYJ,10,BUF,1,2026-11-15T18:00Z,SCHEDULED,0,0
NYJ,11,LAC,0,2026-11-22T21:05Z,SCHEDULED,0,0
NYJ,12,MIA,0,2026-11-29T18:00Z,SCHEDULED,0,0
NYJ,13,BYE,,,,,
NYJ,14,DEN,1,2026-12-13T18:00Z,SCHEDULED,0,0
NYJ,15,ARI,0,2026-12-20T21:05Z,SCHEDULED,0,0
NYJ,16,NE,1,2026-12-27T18:00Z,SCHEDULED,0,0
NYJ,17,MIN,1,2027-01-03T18:00Z,SCHEDULED,0,0
NYJ,18,BUF,0,2027-01-10T05:00Z,SCHEDULED,0,0
PHI,1,WAS,1,2026-09-13T20:25Z,FINAL,24,22
PHI,2,TEN,0,2026-09-20T17:00Z,FINAL,24,20
PHI,3,CHI,0,2026-09-29T00:15Z,FINAL,7,27
PHI,4,LA,1,2026-10-04T17:00Z,SCHEDULED,0,0
PHI,5,JAX,0,2026-10-11T13:30Z,SCHEDULED,0,0
PHI,6,CAR,1,2026-10-18T17:00Z,SCHEDULED,0,0
PHI,7,DAL,1,2026-10-27T00:15Z,SCHEDULED,0,0
PHI,8,WAS,0,2026-11-02T01:20Z,SCHEDULED,0,0
PHI,9,NYG,1,2026-11-08T18:00Z,SCHEDULED,0,0
PHI,10,BYE,,,,,
PHI,11,PIT,1,2026-11-22T21:25Z,SCHEDULED,0,0
PHI,12,DAL,0,2026-11-26T21:30Z,SCHEDULED,0,0
PHI,13,ARI,0,2026-12-06T21:05Z,SCHEDULED,0,0
PHI,14,IND,1,2026-12-13T18:00Z,SCHEDULED,0,0
PHI,15,SEA,1,2026-12-19T22:00Z,SCHEDULED,0,0
PHI,16,HOU,1,2026-12-25T01:15Z,SCHEDULED,0,0
PHI,17,SF,0,2027-01-04T01:20Z,SCHEDULED,0,0
PHI,18,NYG,0,2027-01-10T05:00Z,SCHEDULED,0,0
PIT,1,ATL,1,2026-09-13T17:00Z,FINAL,20,13
PIT,2,NE,0,2026-09-20T17:00Z,FINAL,3,20
PIT,3,CIN,1,2026-09-27T17:00Z,FINAL,30,27
PIT,4,CLE,0,2026-10-02T00:15Z,SCHEDULED,0,0
PIT,5,IND,1,2026-10-11T17:00Z,SCHEDULED,0,0
PIT,6,TB,0,2026-10-18T17:00Z,SCHEDULED,0,0
PIT,7,NO,0,2026-10-25T13:30Z,SCHEDULED,0,0
PIT,8,CLE,1,2026-11-01T18:00Z,SCHEDULED,0,0
PIT,9,BYE,,,,,
PIT,10,CIN,0,2026-11-16T01:20Z,SCHEDULED,0,0
PIT,11,PHI,0,2026-11-22T21:25Z,SCHEDULED,0,0
PIT,12,DEN,1,2026-11-27T20:00Z,SCHEDULED,0,0
PIT,13,HOU,1,2026-12-07T01:20Z,SCHEDULED,0,0
PIT,14,JAX,0,2026-12-15T01:15Z,SCHEDULED,0,0
PIT,15,BAL,1,2026-12-20T18:00Z,SCHEDULED,0,0
PIT,16,CAR,1,2026-12-27T05:00Z,SCHEDULED,0,0
PIT,17,TEN,0,2027-01-03T18:00Z,SCHEDULED,0,0
PIT,18,BAL,0,2027-01-10T05:00Z,SCHEDULED,0,0
SEA,1,NE,1,2026-09-10T00:20Z,FINAL,13,10
SEA,2,ARI,0,2026-09-20T20:25Z,FINAL,31,7
SEA,3,WAS,0,2026-09-27T17:00Z,FINAL,31,33
SEA,4,LAC,1,2026-10-04T20:25Z,SCHEDULED,0,0
SEA,5,SF,1,2026-10-11T20:25Z,SCHEDULED,0,0
SEA,6,DEN,0,2026-10-16T00:15Z,SCHEDULED,0,0
SEA,7,KC,1,2026-10-26T00:20Z,SCHEDULED,0,0
SEA,8,CHI,1,2026-11-03T01:15Z,SCHEDULED,0,0
SEA,9,ARI,1,2026-11-08T21:25Z,SCHEDULED,0,0
SEA,10,LV,0,2026-11-15T21:05Z,SCHEDULED,0,0
SEA,11,BYE,,,,,
SEA,12,SF,0,2026-11-29T21:25Z,SCHEDULED,0,0
SEA,13,DAL,1,2026-12-08T01:15Z,SCHEDULED,0,0
SEA,14,NYG,1,2026-12-13T21:25Z,SCHEDULED,0,0
SEA,15,PHI,0,2026-12-19T22:00Z,SCHEDULED,0,0
SEA,16,LA,1,2026-12-26T01:15Z,SCHEDULED,0,0
SEA,17,CAR,0,2027-01-03T18:00Z,SCHEDULED,0,0
SEA,18,LA,0,2027-01-10T05:00Z,SCHEDULED,0,0
SF,1,LA,0,2026-09-11T00:35Z,FINAL,27,7
SF,2,MIA,1,2026-09-20T20:25Z,FINAL,35,13
SF,3,ARI,1,2026-09-27T20:05Z,FINAL,36,30
SF,4,DEN,1,2026-10-04T20:25Z,SCHEDULED,0,0
SF,5,SEA,0,2026-10-11T20:25Z,SCHEDULED,0,0
SF,6,WAS,1,2026-10-20T00:15Z,SCHEDULED,0,0
SF,7,ATL,0,2026-10-25T17:00Z,SCHEDULED,0,0
SF,8,BYE,,,,,
SF,9,LV,1,2026-11-08T21:05Z,SCHEDULED,0,0
SF,10,DAL,0,2026-11-15T21:25Z,SCHEDULED,0,0
SF,11,MIN,1,2026-11-23T01:20Z,SCHEDULED,0,0
SF,12,SEA,1,2026-11-29T21:25Z,SCHEDULED,0,0
SF,13,NYG,0,2026-12-06T18:00Z,SCHEDULED,0,0
SF,14,LA,1,2026-12-13T21:25Z,SCHEDULED,0,0
SF,15,LAC,0,2026-12-18T01:15Z,SCHEDULED,0,0
SF,16,KC,0,2026-12-27T21:25Z,SCHEDULED,0,0
SF,17,PHI,1,2027-01-04T01:20Z,SCHEDULED,0,0
SF,18,ARI,0,2027-01-10T05:00Z,SCHEDULED,0,0
TB,1,CIN,0,2026-09-13T17:00Z,FINAL,27,33
TB,2,CLE,1,2026-09-20T17:00Z,FINAL,19,23
TB,3,MIN,1,2026-09-27T20:05Z,FINAL,16,23
TB,4,GB,1,2026-10-04T17:00Z,SCHEDULED,0,0
TB,5,DAL,0,2026-10-09T00:15Z,SCHEDULED,0,0
TB,6,PIT,1,2026-10-18T17:00Z,SCHEDULED,0,0
TB,7,CAR,0,2026-10-25T17:00Z,SCHEDULED,0,0
TB,8,ATL,1,2026-11-01T18:00Z,SCHEDULED,0,0
TB,9,CHI,0,2026-11-09T01:20Z,SCHEDULED,0,0
TB,10,BYE,,,,,
TB,11,DET,0,2026-11-22T18:00Z,SCHEDULED,0,0
TB,12,CAR,1,2026-12-01T01:15Z,SCHEDULED,0,0
TB,13,LAC,1,2026-12-06T18:00Z,SCHEDULED,0,0
TB,14,BAL,0,2026-12-13T18:00Z,SCHEDULED,0,0
TB,15,NO,1,2026-12-20T18:00Z,SCHEDULED,0,0
TB,16,ATL,0,2026-12-27T05:00Z,SCHEDULED,0,0
TB,17,LA,1,2027-01-03T05:00Z,SCHEDULED,0,0
TB,18,NO,0,2027-01-10T05:00Z,SCHEDULED,0,0
TEN,1,NYJ,1,2026-09-13T17:00Z,FINAL,10,23
TEN,2,PHI,1,2026-09-20T17:00Z,FINAL,20,24
TEN,3,NYG,0,2026-09-27T17:00Z,FINAL,7,12
TEN,4,BAL,0,2026-10-04T17:00Z,SCHEDULED,0,0
TEN,5,HOU,1,2026-10-11T17:00Z,SCHEDULED,0,0
TEN,6,IND,0,2026-10-18T17:00Z,SCHEDULED,0,0
TEN,7,CLE,1,2026-10-25T17:00Z,SCHEDULED,0,0
TEN,8,CIN,0,2026-11-01T18:00Z,SCHEDULED,0,0
TEN,9,BYE,,,,,
TEN,10,JAX,1,2026-11-15T18:00Z,SCHEDULED,0,0
TEN,11,DAL,0,2026-11-22T18:00Z,SCHEDULED,0,0
TEN,12,JAX,0,2026-11-29T21:05Z,SCHEDULED,0,0
TEN,13,WAS,1,2026-12-06T18:00Z,SCHEDULED,0,0
TEN,14,DET,0,2026-12-13T18:00Z,SCHEDULED,0,0
TEN,15,IND,1,2026-12-20T18:00Z,SCHEDULED,0,0
TEN,16,LV,0,2026-12-27T21:05Z,SCHEDULED,0,0
TEN,17,PIT,1,2027-01-03T18:00Z,SCHEDULED,0,0
TEN,18,HOU,0,2027-01-10T05:00Z,SCHEDULED,0,0
WAS,1,PHI,0,2026-09-13T20:25Z,FINAL,22,24
WAS,2,DAL,0,2026-09-20T20:25Z,FINAL,20,37
WAS,3,SEA,1,2026-09-27T17:00Z,FINAL,33,31
WAS,4,IND,1,2026-10-04T13:30Z,SCHEDULED,0,0
WAS,5,NYG,1,2026-10-11T17:00Z,SCHEDULED,0,0
WAS,6,SF,0,2026-10-20T00:15Z,SCHEDULED,0,0
WAS,7,BYE,,,,,
WAS,8,PHI,1,2026-11-02T01:20Z,SCHEDULED,0,0
WAS,9,LA,1,2026-11-08T18:00Z,SCHEDULED,0,0
WAS,10,NYG,0,2026-11-13T01:15Z,SCHEDULED,0,0
WAS,11,CIN,1,2026-11-24T01:15Z,SCHEDULED,0,0
WAS,12,ARI,0,2026-11-29T21:25Z,SCHEDULED,0,0
WAS,13,TEN,0,2026-12-06T18:00Z,SCHEDULED,0,0
WAS,14,HOU,1,2026-12-13T18:00Z,SCHEDULED,0,0
WAS,15,ATL,1,2026-12-20T18:00Z,SCHEDULED,0,0
WAS,16,MIN,0,2026-12-27T05:00Z,SCHEDULED,0,0
WAS,17,JAX,0,2027-01-03T05:00Z,SCHEDULED,0,0
WAS,18,DAL,1,2027-01-10T05:00Z,SCHEDULED,0,0
