Player,Position,Team,ESPN,Sleeper,Yahoo,Underdog,Difference (ESPN - Underdog),Round Differential,Difference (Sleeper - Underdog),Round Differential,Difference (Yahoo - Underdog),Round Differential,Difference (ESPN - Sleeper) *Values on ESPN*,Round Differential,Difference (Sleeper - ESPN) *Values on Sleeper*,Round Differential 
Ja'Marr Chase,WR,CIN,1.5,1,1.4,1.1,0.4,0.03,-0.1,-0.01,0.3,0.03,0.5,0.04,-0.50,-0.04
Bijan Robinson,RB,ATL,2.9,3.7,2.6,2.4,0.5,0.04,1.3,0.11,0.2,0.02,-0.8,-0.07,0.80,0.07
Saquon Barkley,RB,PHI,3.6,2.4,2.7,4.5,-0.9,-0.08,-2.1,-0.18,-1.8,-0.15,1.2,0.10,-1.20,-0.10
Justin Jefferson,WR,MIN,4.8,5.2,5.6,5.6,-0.8,-0.07,-0.4,-0.03,0,0.00,-0.4,-0.03,0.40,0.03
Jahmyr Gibbs,RB,DET,5.3,4.9,4.2,4.6,0.7,0.06,0.3,0.03,-0.4,-0.03,0.4,0.03,-0.40,-0.03
CeeDee Lamb,WR,DAL,6.9,5.6,6.7,3.5,3.4,0.28,2.1,0.18,3.2,0.27,1.3,0.11,-1.30,-0.11
Christian McCaffrey,RB,SF,8,10.8,8.6,7,1,0.08,3.8,0.32,1.6,0.13,-2.8,-0.23,2.80,0.23
Puka Nacua,WR,LA,10.3,11.1,13.6,11.5,-1.2,-0.10,-0.4,-0.03,2.1,0.18,-0.8,-0.07,0.80,0.07
Amon-Ra St. Brown,WR,DET,10.4,8.2,10.8,10.5,-0.1,-0.01,-2.3,-0.19,0.3,0.03,2.2,0.18,-2.20,-0.18
Malik Nabers,WR,NYG,11.9,11.1,12.8,9.7,2.2,0.18,1.4,0.12,3.1,0.26,0.8,0.07,-0.80,-0.07
Ashton Jeanty,RB,LV,12.4,9.6,12,12.6,-0.2,-0.02,-3,-0.25,-0.6,-0.05,2.8,0.23,-2.80,-0.23
Derrick Henry,RB,BAL,15.1,7.9,8.4,13.8,1.3,0.11,-5.9,-0.49,-5.4,-0.45,7.2,0.60,-7.20,-0.60
Nico Collins,WR,HOU,15.4,13.4,10,8.5,6.9,0.58,4.9,0.41,1.5,0.13,2,0.17,-2.00,-0.17
De'Von Achane,RB,MIA,16.5,14.8,16.6,15.2,1.3,0.11,-0.4,-0.03,1.4,0.12,1.7,0.14,-1.70,-0.14
Brian Thomas,WR,JAC,18.8,17.1,15.8,12.5,6.3,0.53,4.6,0.38,3.3,0.28,1.7,0.14,-1.70,-0.14
Jonathan Taylor,RB,IND,18.9,19.8,17.5,21.5,-2.6,-0.22,-1.7,-0.14,-4,-0.33,-0.9,-0.08,0.90,0.08
A.J. Brown,WR,PHI,19.2,17.7,21.8,18,1.2,0.10,-0.3,-0.03,3.8,0.32,1.5,0.13,-1.50,-0.13
Josh Jacobs,RB,GB,19.8,15.4,16.7,22.9,-3.1,-0.26,-7.5,-0.63,-6.2,-0.52,4.4,0.37,-4.40,-0.37
Josh Allen,QB,BUF,20.8,20.3,21.9,28.2,-7.4,-0.62,-7.9,-0.66,-6.3,-0.53,0.5,0.04,-0.50,-0.04
Brock Bowers,TE,LV,20.9,21.8,21.7,18.7,2.2,0.18,3.1,0.26,3,0.25,-0.9,-0.08,0.90,0.08
Drake London,WR,ATL,22,16.1,18.9,15.2,6.8,0.57,0.9,0.08,3.7,0.31,5.9,0.49,-5.90,-0.49
Lamar Jackson,QB,BAL,23.5,22.1,21.7,28.9,-5.4,-0.45,-6.8,-0.57,-7.2,-0.60,1.4,0.12,-1.40,-0.12
Bucky Irving,RB,TB,24.3,23.8,20.6,20.9,3.4,0.28,2.9,0.24,-0.3,-0.02,0.5,0.04,-0.50,-0.04
Trey McBride,TE,ARI,26.7,27.5,27.7,26.1,0.6,0.05,1.4,0.12,1.6,0.13,-0.8,-0.07,0.80,0.07
Chase Brown,RB,CIN,26.9,26.1,24.5,19,7.9,0.66,7.1,0.59,5.5,0.46,0.8,0.07,-0.80,-0.07
Tee Higgins,WR,CIN,28.1,29.8,30.2,25.6,2.5,0.21,4.2,0.35,4.6,0.38,-1.7,-0.14,1.70,0.14
Jayden Daniels,QB,WAS,28.4,33.5,29,37.6,-9.2,-0.77,-4.1,-0.34,-8.6,-0.72,-5.1,-0.43,5.10,0.43
Jalen Hurts,QB,PHI,29.6,37.6,33.9,43.6,-14,-1.17,-6,-0.50,-9.7,-0.81,-8,-0.67,8.00,0.67
Ladd McConkey,WR,LAC,30.8,25.2,24.1,20.5,10.3,0.86,4.7,0.39,3.6,0.30,5.6,0.47,-5.60,-0.47
Tyreek Hill,WR,MIA,31,28.1,35.7,25.2,5.8,0.48,2.9,0.24,10.5,0.88,2.9,0.24,-2.90,-0.24
Kyren Williams,RB,LA,31.5,24,25.5,31.2,0.3,0.03,-7.2,-0.60,-5.7,-0.48,7.5,0.63,-7.50,-0.63
James Cook,RB,BUF,33.1,29.9,32.8,38.5,-5.4,-0.45,-8.6,-0.72,-5.7,-0.48,3.2,0.27,-3.20,-0.27
Joe Burrow,QB,CIN,33.9,41.4,41.1,60.5,-26.6,-2.22,-19.1,-1.59,-19.4,-1.62,-7.5,-0.63,7.50,0.63
Davante Adams,WR,LA,35.6,44.9,42,35.4,0.2,0.02,9.5,0.79,6.6,0.55,-9.3,-0.78,9.30,0.78
George Kittle,TE,SF,36.5,38.9,31.3,36.1,0.4,0.03,2.8,0.23,-4.8,-0.40,-2.4,-0.20,2.40,0.20
Jaxon Smith-Njigba,WR,SEA,39,31.4,33.6,32.3,6.7,0.56,-0.9,-0.07,1.3,0.11,7.6,0.63,-7.60,-0.63
Terry McLaurin,WR,WAS,40.1,41.3,42.6,42.2,-2.1,-0.18,-0.9,-0.08,0.4,0.03,-1.2,-0.10,1.20,0.10
Alvin Kamara,RB,NO,41.9,40,43.7,56.5,-14.6,-1.22,-16.5,-1.38,-12.8,-1.07,1.9,0.16,-1.90,-0.16
Omarion Hampton,RB,LAC,42.8,34.1,39,28.4,14.4,1.20,5.7,0.48,10.6,0.88,8.7,0.73,-8.70,-0.73
Kenneth Walker,RB,SEA,44.5,43.5,41.4,46.6,-2.1,-0.18,-3.1,-0.26,-5.2,-0.43,1,0.08,-1.00,-0.08
Garrett Wilson,WR,NYJ,45.7,35.4,38.4,33.4,12.3,1.03,2,0.17,5,0.42,10.3,0.86,-10.30,-0.86
Mike Evans,WR,TB,45.8,39.6,36.7,35.6,10.2,0.85,4,0.33,1.1,0.09,6.2,0.52,-6.20,-0.52
Chuba Hubbard,RB,CAR,47.9,45.3,41.4,54.7,-6.8,-0.57,-9.4,-0.78,-13.3,-1.11,2.6,0.22,-2.60,-0.22
Patrick Mahomes,QB,KC,48.9,55.2,50.7,82,-33.1,-2.76,-26.8,-2.23,-31.3,-2.61,-6.3,-0.53,6.30,0.53
Marvin Harrison,WR,ARI,50.2,35.3,40.6,30.4,19.8,1.65,4.9,0.41,10.2,0.85,14.9,1.24,-14.90,-1.24
DK Metcalf,WR,PIT,50.4,46.6,50.2,49.7,0.7,0.06,-3.1,-0.26,0.5,0.04,3.8,0.32,-3.80,-0.32
Sam LaPorta,TE,DET,50.7,50.6,49.7,76.7,-26,-2.17,-26.1,-2.18,-27,-2.25,0.1,0.01,-0.10,-0.01
Xavier Worthy,WR,KC,51.5,58.3,62.1,40.5,11,0.92,17.8,1.48,21.6,1.80,-6.8,-0.57,6.80,0.57
James Conner,RB,ARI,52.3,47.5,46.8,59.3,-7,-0.58,-11.8,-0.98,-12.5,-1.04,4.8,0.40,-4.80,-0.40
TreVeyon Henderson,RB,NE,52.3,53.3,67.2,44.1,8.2,0.68,9.2,0.77,23.1,1.93,-1,-0.08,1.00,0.08
Breece Hall,RB,NYJ,57.6,32.8,41.3,43.6,14,1.17,-10.8,-0.90,-2.3,-0.19,24.8,2.07,-24.80,-2.07
Baker Mayfield,QB,TB,58,71.1,69.6,92.1,-34.1,-2.84,-21,-1.75,-22.5,-1.88,-13.1,-1.09,13.10,1.09
DJ Moore,WR,CHI,60.6,47.6,59.2,48,12.6,1.05,-0.4,-0.03,11.2,0.93,13,1.08,-13.00,-1.08
Zay Flowers,WR,BAL,61.7,57.7,62.2,57.4,4.3,0.36,0.3,0.03,4.8,0.40,4,0.33,-4.00,-0.33
D'Andre Swift,RB,CHI,61.7,67.9,70.3,68.1,-6.4,-0.53,-0.2,-0.02,2.2,0.18,-6.2,-0.52,6.20,0.52
T.J. Hockenson,TE,MIN,62,63,59.2,85.5,-23.5,-1.96,-22.5,-1.88,-26.3,-2.19,-1,-0.08,1.00,0.08
Travis Kelce,TE,KC,64.1,65.4,62,94.5,-30.4,-2.53,-29.1,-2.43,-32.5,-2.71,-1.3,-0.11,1.30,0.11
Courtland Sutton,WR,DEN,66,51,61.8,49.3,16.7,1.39,1.7,0.14,12.5,1.04,15,1.25,-15.00,-1.25
Rashee Rice,WR,KC,66.8,49.3,67.6,54.6,12.2,1.02,-5.3,-0.44,13,1.08,17.5,1.46,-17.50,-1.46
David Montgomery,RB,DET,67.1,52.4,53.6,75.3,-8.2,-0.68,-22.9,-1.91,-21.7,-1.81,14.7,1.23,-14.70,-1.23
Calvin Ridley,WR,TEN,71.2,71.3,75.7,51.2,20,1.67,20.1,1.68,24.5,2.04,-0.1,-0.01,0.10,0.01
DeVonta Smith,WR,PHI,71.6,53.8,56.1,51.9,19.7,1.64,1.9,0.16,4.2,0.35,17.8,1.48,-17.80,-1.48
George Pickens,WR,DAL,75,62.8,62.2,43.5,31.5,2.63,19.3,1.61,18.7,1.56,12.2,1.02,-12.20,-1.02
Jaylen Waddle,WR,MIA,75.2,69.6,69,55,20.2,1.68,14.6,1.22,14,1.17,5.6,0.47,-5.60,-0.47
Jerry Jeudy,WR,CLE,75.8,77.3,92.7,70.5,5.3,0.44,6.8,0.57,22.2,1.85,-1.5,-0.13,1.50,0.13
Isiah Pacheco,RB,KC,75.9,59.5,64.9,71.1,4.8,0.40,-11.6,-0.97,-6.2,-0.52,16.4,1.37,-16.40,-1.37
Jameson Williams,WR,DET,76.2,61.9,67.9,45.6,30.6,2.55,16.3,1.36,22.3,1.86,14.3,1.19,-14.30,-1.19
Bo Nix,QB,DEN,76.2,77.7,70.1,97.8,-21.6,-1.80,-20.1,-1.68,-27.7,-2.31,-1.5,-0.13,1.50,0.13
Aaron Jones,RB,MIN,77.7,65,73.6,80.3,-2.6,-0.22,-15.3,-1.28,-6.7,-0.56,12.7,1.06,-12.70,-1.06
David Njoku,TE,CLE,79.1,90,80.1,120.2,-41.1,-3.43,-30.2,-2.52,-40.1,-3.34,-10.9,-0.91,10.90,0.91
Mark Andrews,TE,BAL,79.6,73,63.3,97.5,-17.9,-1.49,-24.5,-2.04,-34.2,-2.85,6.6,0.55,-6.60,-0.55
Travis Hunter,WR,JAC,80.2,68.4,,56.8,23.4,1.95,11.6,0.97,-56.8,-4.73,11.8,0.98,-11.80,-0.98
Tony Pollard,RB,TEN,82.5,70,60.9,72.2,10.3,0.86,-2.2,-0.18,-11.3,-0.94,12.5,1.04,-12.50,-1.04
Tetairoa McMillan,WR,CAR,83.5,59.2,75.5,39.5,44,3.67,19.7,1.64,36,3.00,24.3,2.03,-24.30,-2.03
RJ Harvey,RB,DEN,85.1,56.1,59.4,59.5,25.6,2.13,-3.4,-0.28,-0.1,-0.01,29,2.42,-29.00,-2.42
Rome Odunze,WR,CHI,86.6,79.4,85.4,63.5,23.1,1.93,15.9,1.33,21.9,1.83,7.2,0.60,-7.20,-0.60
Kyler Murray,QB,ARI,89.3,91,94.7,97.1,-7.8,-0.65,-6.1,-0.51,-2.4,-0.20,-1.7,-0.14,1.70,0.14
Evan Engram,TE,DEN,89.9,86.3,84.1,106,-16.1,-1.34,-19.7,-1.64,-21.9,-1.83,3.6,0.30,-3.60,-0.30
Brock Purdy,QB,SF,91.3,111.7,73.9,102.2,-10.9,-0.91,9.5,0.79,-28.3,-2.36,-20.4,-1.70,20.40,1.70
Cooper Kupp,WR,SEA,92.6,88.8,113.9,98.8,-6.2,-0.52,-10,-0.83,15.1,1.26,3.8,0.32,-3.80,-0.32
Jakobi Meyers,WR,LV,94.3,83.1,100.1,71.8,22.5,1.88,11.3,0.94,28.3,2.36,11.2,0.93,-11.20,-0.93
Tyrone Tracy,RB,NYG,94.9,81.3,88.5,89.3,5.6,0.47,-8,-0.67,-0.8,-0.07,13.6,1.13,-13.60,-1.13
Matthew Golden,WR,GB,96,93.5,115.6,68.9,27.1,2.26,24.6,2.05,46.7,3.89,2.5,0.21,-2.50,-0.21
Chris Olave,WR,NO,98,74.1,82,66.5,31.5,2.63,7.6,0.63,15.5,1.29,23.9,1.99,-23.90,-1.99
Stefon Diggs,WR,NE,98.2,89.9,100.9,68.9,29.3,2.44,21,1.75,32,2.67,8.3,0.69,-8.30,-0.69
Joe Mixon,RB,HOU,100.9,64.1,75.2,95.5,5.4,0.45,-31.4,-2.62,-20.3,-1.69,36.8,3.07,-36.80,-3.07
Jaylen Warren,RB,PIT,101,87.5,91.2,88.3,12.7,1.06,-0.8,-0.07,2.9,0.24,13.5,1.13,-13.50,-1.13
Chris Godwin,WR,TB,102,95.1,101.6,94.5,7.5,0.63,0.6,0.05,7.1,0.59,6.9,0.58,-6.90,-0.58
Justin Herbert,QB,LAC,103.6,109.9,105,126.7,-23.1,-1.93,-16.8,-1.40,-21.7,-1.81,-6.3,-0.53,6.30,0.53
Kaleb Johnson,RB,PIT,105.2,75.4,69.9,77,28.2,2.35,-1.6,-0.13,-7.1,-0.59,29.8,2.48,-29.80,-2.48
Deebo Samuel,WR,WAS,107.3,83.5,100.3,65.9,41.4,3.45,17.6,1.47,34.4,2.87,23.8,1.98,-23.80,-1.98
Tyler Warren,TE,IND,108,94.4,114.4,97.7,10.3,0.86,-3.3,-0.28,16.7,1.39,13.6,1.13,-13.60,-1.13
Michael Pittman,WR,IND,110.1,113.3,127.3,94.6,15.5,1.29,18.7,1.56,32.7,2.73,-3.2,-0.27,3.20,0.27
J.K. Dobbins,RB,DEN,111.6,107.7,109.9,102.4,9.2,0.77,5.3,0.44,7.5,0.63,3.9,0.32,-3.90,-0.32
Emeka Egbuka,WR,TB,112.5,97.7,102.2,63.1,49.4,4.12,34.6,2.88,39.1,3.26,14.8,1.23,-14.80,-1.23
Dak Prescott,QB,DAL,112.5,116.8,93.3,104,8.5,0.71,12.8,1.07,-10.7,-0.89,-4.3,-0.36,4.30,0.36
Quinshon Judkins,RB,CLE,115.3,76.3,108.2,124.1,-8.8,-0.73,-47.8,-3.98,-15.9,-1.33,39,3.25,-39.00,-3.25
Ricky Pearsall,WR,SF,115.9,92.8,101.8,60.9,55,4.58,31.9,2.66,40.9,3.41,23.1,1.93,-23.10,-1.93
Tucker Kraft,TE,GB,116.2,107.9,95.1,115.9,0.3,0.02,-8,-0.67,-20.8,-1.73,8.3,0.69,-8.30,-0.69
Jordan Addison,WR,MIN,117.1,82.2,96,74.3,42.8,3.57,7.9,0.66,21.7,1.81,34.9,2.91,-34.90,-2.91
Khalil Shakir,WR,BUF,117.9,95,119.2,83.2,34.7,2.89,11.8,0.98,36,3.00,22.9,1.91,-22.90,-1.91
Javonte Williams,RB,DAL,119.1,101.8,124.6,134.3,-15.2,-1.27,-32.5,-2.71,-9.7,-0.81,17.3,1.44,-17.30,-1.44
Austin Ekeler,RB,WAS,119.8,125.3,127,160.8,-41,-3.42,-35.5,-2.96,-33.8,-2.82,-5.5,-0.46,5.50,0.46
Caleb Williams,QB,CHI,120.1,129,110.3,112.6,7.5,0.63,16.4,1.37,-2.3,-0.19,-8.9,-0.74,8.90,0.74
Colston Loveland,TE,CHI,121.1,112.5,120.9,110,11.1,0.93,2.5,0.21,10.9,0.91,8.6,0.72,-8.60,-0.72
Rhamondre Stevenson,RB,NE,121.1,113.7,113.8,126.3,-5.2,-0.43,-12.6,-1.05,-12.5,-1.04,7.4,0.62,-7.40,-0.62
Keon Coleman,WR,BUF,122.1,119.2,128.6,91.6,30.5,2.54,27.6,2.30,37,3.08,2.9,0.24,-2.90,-0.24
Jauan Jennings,WR,SF,122.9,105.1,104.4,74,48.9,4.08,31.1,2.59,30.4,2.53,17.8,1.48,-17.80,-1.48
Justin Fields,QB,NYJ,124.1,145.2,81,108.3,15.8,1.32,36.9,3.08,-27.3,-2.28,-21.1,-1.76,21.10,1.76
Jared Goff,QB,DET,125.6,98.3,104.7,119.6,6,0.50,-21.3,-1.78,-14.9,-1.24,27.3,2.28,-27.30,-2.28
Travis Etienne,RB,JAC,126.2,85.6,110.4,102.2,24,2.00,-16.6,-1.38,8.2,0.68,40.6,3.38,-40.60,-3.38
Cam Skattebo,RB,NYG,126.5,99.6,115.7,119.1,7.4,0.62,-19.5,-1.63,-3.4,-0.28,26.9,2.24,-26.90,-2.24
Keenan Allen,WR,LAC,128.1,153.6,129.3,126.8,1.3,0.11,26.8,2.23,2.5,0.21,-25.5,-2.13,25.50,2.13
Brian Robinson,RB,SF,130.6,80.8,86.7,94.6,36,3.00,-13.8,-1.15,-7.9,-0.66,49.8,4.15,-49.80,-4.15
Dallas Goedert,TE,PHI,133.8,149.6,114.6,140,-6.2,-0.52,9.6,0.80,-25.4,-2.12,-15.8,-1.32,15.80,1.32
Jayden Reed,WR,GB,134.1,101.8,107.7,81,53.1,4.43,20.8,1.73,26.7,2.23,32.3,2.69,-32.30,-2.69
Dalton Kincaid,TE,BUF,136.3,122.6,113.3,130.9,5.4,0.45,-8.3,-0.69,-17.6,-1.47,13.7,1.14,-13.70,-1.14
Jacory Croskey-Merritt,RB,WAS,137.1,161.2,116.3,130.7,6.4,0.53,30.5,2.54,-14.4,-1.20,-24.1,-2.01,24.10,2.01
Jordan Mason,RB,MIN,137.8,103.1,95.2,83.7,54.1,4.51,19.4,1.62,11.5,0.96,34.7,2.89,-34.70,-2.89
Rashid Shaheed,WR,NO,138,127.7,130.3,106.2,31.8,2.65,21.5,1.79,24.1,2.01,10.3,0.86,-10.30,-0.86
Drake Maye,QB,NE,138.2,131.5,111.4,111.7,26.5,2.21,19.8,1.65,-0.3,-0.02,6.7,0.56,-6.70,-0.56
Tank Bigsby,RB,JAC,139.1,123.6,111.5,123.5,15.6,1.30,0.1,0.01,-12,-1.00,15.5,1.29,-15.50,-1.29
J.J. McCarthy,QB,MIN,139.3,155.3,122.2,124.4,14.9,1.24,30.9,2.58,-2.2,-0.18,-16,-1.33,16.00,1.33
Kyle Pitts,TE,ATL,139.4,124,124.2,139.2,0.2,0.02,-15.2,-1.27,-15,-1.25,15.4,1.28,-15.40,-1.28
Darnell Mooney,WR,ATL,140.2,125,132.6,104.9,35.3,2.94,20.1,1.68,27.7,2.31,15.2,1.27,-15.20,-1.27
Jordan Love,QB,GB,140.4,154.6,116,128.1,12.3,1.03,26.5,2.21,-12.1,-1.01,-14.2,-1.18,14.20,1.18
Jake Ferguson,TE,DAL,140.9,143.5,114,135.5,5.4,0.45,8,0.67,-21.5,-1.79,-2.6,-0.22,2.60,0.22
Jayden Higgins,WR,HOU,141.2,118.2,131.7,89.9,51.3,4.28,28.3,2.36,41.8,3.48,23,1.92,-23.00,-1.92
Josh Downs,WR,IND,141.3,110,122,86.2,55.1,4.59,23.8,1.98,35.8,2.98,31.3,2.61,-31.30,-2.61
C.J. Stroud,QB,HOU,141.6,128.6,119.6,132.9,8.7,0.72,-4.3,-0.36,-13.3,-1.11,13,1.08,-13.00,-1.08
Tyjae Spears,RB,TEN,145.4,130.1,129.5,143.3,2.1,0.18,-13.2,-1.10,-13.8,-1.15,15.3,1.28,-15.30,-1.28
Zach Charbonnet,RB,SEA,145.5,104,113,104.6,40.9,3.41,-0.6,-0.05,8.4,0.70,41.5,3.46,-41.50,-3.46
Rachaad White,RB,TB,151.1,146.3,129.8,160.7,-9.6,-0.80,-14.4,-1.20,-30.9,-2.58,4.8,0.40,-4.80,-0.40
Adam Thielen,WR,CAR,153.2,176.9,128.2,172.5,-19.3,-1.61,4.4,0.37,-44.3,-3.69,-23.7,-1.98,23.70,1.98
Nick Chubb,RB,HOU,154,133.5,124.7,164.6,-10.6,-0.88,-31.1,-2.59,-39.9,-3.33,20.5,1.71,-20.50,-1.71
Trey Benson,RB,ARI,155.7,148.4,129.9,137,18.7,1.56,11.4,0.95,-7.1,-0.59,7.3,0.61,-7.30,-0.61
Hunter Henry,TE,NE,157.5,179.8,124.6,158.9,-1.4,-0.12,20.9,1.74,-34.3,-2.86,-22.3,-1.86,22.30,1.86
Jaydon Blue,RB,DAL,158.1,131.2,128.7,144.5,13.6,1.13,-13.3,-1.11,-15.8,-1.32,26.9,2.24,-26.90,-2.24
Zach Ertz,TE,WAS,158.3,171.3,128.6,162.6,-4.3,-0.36,8.7,0.73,-34,-2.83,-13,-1.08,13.00,1.08
Xavier Legette,WR,CAR,158.3,197.7,,161.7,-3.4,-0.28,36,3.00,-161.7,-13.48,-39.4,-3.28,39.40,3.28
Brandon Aiyuk,WR,SF,159.7,121.4,128.4,117.2,42.5,3.54,4.2,0.35,11.2,0.93,38.3,3.19,-38.30,-3.19
Braelon Allen,RB,NYJ,160.7,152.9,116.3,138.4,22.3,1.86,14.5,1.21,-22.1,-1.84,7.8,0.65,-7.80,-0.65
Tua Tagovailoa,QB,MIA,160.9,201.7,125.1,156.5,4.4,0.37,45.2,3.77,-31.4,-2.62,-40.8,-3.40,40.80,3.40
Tyler Allgeier,RB,ATL,161.4,172.5,130.8,155.6,5.8,0.48,16.9,1.41,-24.8,-2.07,-11.1,-0.93,11.10,0.93
Matthew Stafford,QB,LA,162.8,217.6,126.3,178.5,-15.7,-1.31,39.1,3.26,-52.2,-4.35,-54.8,-4.57,54.80,4.57
Marvin Mims,WR,DEN,163.1,147.8,132,124.7,38.4,3.20,23.1,1.93,7.3,0.61,15.3,1.28,-15.30,-1.28
Cedric Tillman,WR,CLE,163.1,191.7,,152.4,10.7,0.89,39.3,3.28,-152.4,-12.70,-28.6,-2.38,28.60,2.38
Cam Ward,QB,TEN,163.5,175.2,123.8,151.7,11.8,0.98,23.5,1.96,-27.9,-2.33,-11.7,-0.97,11.70,0.97
Trevor Lawrence,QB,JAC,163.6,173.1,129.3,130.3,33.3,2.78,42.8,3.57,-1,-0.08,-9.5,-0.79,9.50,0.79
Jerome Ford,RB,CLE,164.1,161.4,129.5,172.1,-8,-0.67,-10.7,-0.89,-42.6,-3.55,2.7,0.22,-2.70,-0.22
Hollywood Brown,WR,KC,164.2,193.7,128.8,145.7,18.5,1.54,48,4.00,-16.9,-1.41,-29.5,-2.46,29.50,2.46
Najee Harris,RB,LAC,164.4,115.6,118.7,156.2,8.2,0.68,-40.6,-3.38,-37.5,-3.13,48.8,4.07,-48.80,-4.07
Jaylen Wright,RB,MIA,165.1,181.9,130.1,179.2,-14.1,-1.18,2.7,0.23,-49.1,-4.09,-16.8,-1.40,16.80,1.40
Michael Penix,QB,ATL,166.2,189.5,125.3,142.1,24.1,2.01,47.4,3.95,-16.8,-1.40,-23.3,-1.94,23.30,1.94
Rashod Bateman,WR,BAL,166.3,158.4,130.1,114.9,51.4,4.28,43.5,3.63,15.2,1.27,7.9,0.66,-7.90,-0.66
Christian Kirk,WR,HOU,166.5,157.2,131.3,119.9,46.6,3.88,37.3,3.11,11.4,0.95,9.3,0.78,-9.30,-0.78
Wan'Dale Robinson,WR,NYG,166.6,206.4,,168.3,-1.7,-0.14,38.1,3.18,-168.3,-14.03,-39.8,-3.32,39.80,3.32
Jonnu Smith,TE,PIT,166.8,120,119,179.5,-12.7,-1.06,-59.5,-4.96,-60.5,-5.04,46.8,3.90,-46.80,-3.90
Luther Burden,WR,CHI,167.2,151.9,128.7,115.1,52.1,4.34,36.8,3.07,13.6,1.13,15.3,1.28,-15.30,-1.28
Bryce Young,QB,CAR,167.8,205,127.4,150,17.8,1.48,55,4.58,-22.6,-1.88,-37.2,-3.10,37.20,3.10
Isaac Guerendo,RB,SF,168,160,128.7,163.3,4.7,0.39,-3.3,-0.28,-34.6,-2.88,8,0.67,-8.00,-0.67
Cade Otton,TE,TB,168,229.3,127.5,184.2,-16.2,-1.35,45.1,3.76,-56.7,-4.73,-61.3,-5.11,61.30,5.11
Aaron Rodgers,QB,PIT,168.2,228,120,195.1,-26.9,-2.24,32.9,2.74,-75.1,-6.26,-59.8,-4.98,59.80,4.98
Isaiah Likely,TE,BAL,168.7,190.2,130.3,171.3,-2.6,-0.22,18.9,1.58,-41,-3.42,-21.5,-1.79,21.50,1.79
Sam Darnold,QB,SEA,168.7,227,124,180,-11.3,-0.94,47,3.92,-56,-4.67,-58.3,-4.86,58.30,4.86
Ray Davis,RB,BUF,168.9,155.4,129.6,132.8,36.1,3.01,22.6,1.88,-3.2,-0.27,13.5,1.13,-13.50,-1.13
Bhayshul Tuten,RB,JAC,169,159,126.5,135.9,33.1,2.76,23.1,1.93,-9.4,-0.78,10,0.83,-10.00,-0.83
Geno Smith,QB,LV,169.1,233.6,123.9,161.6,7.5,0.63,72,6.00,-37.7,-3.14,-64.5,-5.38,64.50,5.38
Chig Okonkwo,TE,TEN,169.3,203.6,130,168.8,0.5,0.04,34.8,2.90,-38.8,-3.23,-34.3,-2.86,34.30,2.86
Brenton Strange,TE,JAC,169.4,195.2,132.8,152.9,16.5,1.38,42.3,3.53,-20.1,-1.68,-25.8,-2.15,25.80,2.15
Isaac TeSlaa,WR,DET,169.6,213.3,,195.9,-26.3,-2.19,17.4,1.45,-195.9,-16.33,-43.7,-3.64,43.70,3.64
Ollie Gordon,RB,MIA,169.9,185.4,,194,-24.1,-2.01,-8.6,-0.72,-194,-16.17,-15.5,-1.29,15.50,1.29
Anthony Richardson,QB,IND,169.9,235.2,125.8,180,-10.1,-0.84,55.2,4.60,-54.2,-4.52,-65.3,-5.44,65.30,5.44
Tory Horton,WR,SEA,169.9,245.4,,177.6,-7.7,-0.64,67.8,5.65,-177.6,-14.80,-75.5,-6.29,75.50,6.29
Will Shipley,RB,PHI,170,199.3,,179.5,-9.5,-0.79,19.8,1.65,-179.5,-14.96,-29.3,-2.44,29.30,2.44
Elic Ayomanor,WR,TEN,170,215,,200.2,-30.2,-2.52,14.8,1.23,-200.2,-16.68,-45,-3.75,45.00,3.75
Mike Gesicki,TE,CIN,170,223.2,129.2,194.5,-24.5,-2.04,28.7,2.39,-65.3,-5.44,-53.2,-4.43,53.20,4.43
Ja'Tavion Sanders,TE,CAR,170,261,,195.2,-25.2,-2.10,65.8,5.48,-195.2,-16.27,-91,-7.58,91.00,7.58
Keaton Mitchell,RB,LAC,170.1,215.9,,187.4,-17.3,-1.44,28.5,2.38,-187.4,-15.62,-45.8,-3.82,45.80,3.82
DeMario Douglas,WR,NE,170.2,197.8,,148,22.2,1.85,49.8,4.15,-148,-12.33,-27.6,-2.30,27.60,2.30
DeAndre Hopkins,WR,BAL,170.2,207.7,126.4,197.9,-27.7,-2.31,9.8,0.82,-71.5,-5.96,-37.5,-3.13,37.50,3.13
Alec Pierce,WR,IND,170.2,236.5,,192,-21.8,-1.82,44.5,3.71,-192,-16.00,-66.3,-5.53,66.30,5.53
Jalen Coker,WR,CAR,170.2,255.7,,198.3,-28.1,-2.34,57.4,4.78,-198.3,-16.53,-85.5,-7.13,85.50,7.13
Tre Harris,WR,LAC,170.3,146,130.9,139.5,30.8,2.57,6.5,0.54,-8.6,-0.72,24.3,2.03,-24.30,-2.03
Jalen McMillan,WR,TB,170.4,203.3,,173,-2.6,-0.22,30.3,2.53,-173,-14.42,-32.9,-2.74,32.90,2.74
Kyle Monangai,RB,CHI,170.4,221.4,,202.2,-31.8,-2.65,19.2,1.60,-202.2,-16.85,-51,-4.25,51.00,4.25
Rico Dowdle,RB,CAR,170.5,177.7,128.9,175.6,-5.1,-0.43,2.1,0.18,-46.7,-3.89,-7.2,-0.60,7.20,0.60
Dylan Sampson,RB,CLE,170.5,179.3,129.5,145.9,24.6,2.05,33.4,2.78,-16.4,-1.37,-8.8,-0.73,8.80,0.73
Dont'e Thornton,WR,LV,170.5,187.4,,162.8,7.7,0.64,24.6,2.05,-162.8,-13.57,-16.9,-1.41,16.90,1.41
Mason Taylor,TE,NYJ,170.5,200.7,131,185.2,-14.7,-1.23,15.5,1.29,-54.2,-4.52,-30.2,-2.52,30.20,2.52
Romeo Doubs,WR,GB,170.5,219,,151,19.5,1.63,68,5.67,-151,-12.58,-48.5,-4.04,48.50,4.04
Dyami Brown,WR,JAC,170.5,250.4,,184.9,-14.4,-1.20,65.5,5.46,-184.9,-15.41,-79.9,-6.66,79.90,6.66
Kyle Williams,WR,NE,170.6,173.8,129.6,147.7,22.9,1.91,26.1,2.18,-18.1,-1.51,-3.2,-0.27,3.20,0.27
Pat Bryant,WR,DEN,170.8,225.4,,184.1,-13.3,-1.11,41.3,3.44,-184.1,-15.34,-54.6,-4.55,54.60,4.55
Joshua Palmer,WR,BUF,170.9,178.3,,138.2,32.7,2.73,40.1,3.34,-138.2,-11.52,-7.4,-0.62,7.40,0.62
Quentin Johnston,WR,LAC,170.9,231.5,,180.3,-9.4,-0.78,51.2,4.27,-180.3,-15.03,-60.6,-5.05,60.60,5.05
Darius Slayton,WR,NYG,171.1,260.1,,195,-23.9,-1.99,65.1,5.43,-195,-16.25,-89,-7.42,89.00,7.42
Roschon Johnson,RB,CHI,171.2,208.6,,192.5,-21.3,-1.78,16.1,1.34,-192.5,-16.04,-37.4,-3.12,37.40,3.12
Michael Wilson,WR,ARI,171.4,254.7,,192.9,-21.5,-1.79,61.8,5.15,-192.9,-16.08,-83.3,-6.94,83.30,6.94