playerName,season,position,nflTeam,games,tds,yds,hitGames,teamTds,posTds,weeks
Jonathan Taylor,2025,RB,IND,17,20,1963,10,52,21,1:0|2:1|3:3|4:0|5:3|6:1|7:3|8:3|9:0|10:3|12:0|13:0|14:1|15:0|16:1|17:1|18:0
Jahmyr Gibbs,2025,RB,DET,17,18,1839,10,56,26,1:0|2:1|3:2|4:1|5:1|6:0|7:2|9:0|10:3|11:0|12:3|13:0|14:3|15:0|16:1|17:0|18:1
Christian McCaffrey,2025,RB,SF,17,17,2126,12,48,21,1:0|2:1|3:0|4:1|5:1|6:1|7:2|8:0|9:2|10:0|11:3|12:1|13:1|15:1|16:2|17:1|18:0
Derrick Henry,2025,RB,BAL,17,16,1745,9,46,21,1:2|2:0|3:1|4:0|5:1|6:0|8:2|9:0|10:0|11:1|12:2|13:1|14:0|15:0|16:2|17:4|18:0
Davante Adams,2025,WR,LA,14,14,789,9,53,23,1:0|2:1|3:1|4:1|5:0|6:0|7:3|9:2|10:1|11:1|12:2|13:2|14:0|15:0
James Cook,2025,RB,BUF,17,14,1912,9,59,21,1:1|2:2|3:1|4:1|5:0|6:0|8:2|9:0|10:0|11:1|12:1|13:0|14:0|15:3|16:2|17:0|18:0
Josh Allen,2025,QB,BUF,16,14,579,8,54,14,1:2|2:0|3:0|4:1|5:0|6:0|8:2|9:2|10:0|11:3|12:0|13:1|14:1|15:0|16:0|17:2
Josh Jacobs,2025,RB,GB,15,14,1211,10,42,15,1:1|2:1|3:0|4:2|6:2|7:2|8:1|9:1|10:1|11:0|13:0|14:1|15:2|16:0|17:0
Javonte Williams,2025,RB,DAL,16,13,1338,10,47,17,1:2|2:1|3:0|4:1|5:2|6:0|7:1|8:2|9:0|11:0|12:0|13:1|14:1|15:1|16:0|17:1
Kyren Williams,2025,RB,LA,17,13,1533,10,63,19,1:1|2:0|3:1|4:0|5:2|6:1|7:0|9:1|10:2|11:1|12:0|13:1|14:1|15:2|16:0|17:0|18:0
Travis Etienne,2025,RB,JAX,17,13,1399,9,50,20,1:0|2:1|3:1|4:1|5:0|6:0|7:0|9:0|10:1|11:2|12:1|13:0|14:2|15:3|16:1|17:0|18:0
De'Von Achane,2025,RB,MIA,16,12,1838,10,36,18,1:1|2:1|3:0|4:1|5:1|6:2|7:0|8:1|9:0|10:2|11:0|13:1|14:1|15:0|16:1|17:0
RJ Harvey,2025,RB,DEN,17,12,896,9,43,17,1:0|2:0|3:0|4:1|5:0|6:0|7:1|8:3|9:1|10:0|11:0|13:2|14:1|15:1|16:1|17:1|18:0
Zach Charbonnet,2025,RB,SEA,16,12,874,10,40,16,1:1|2:0|4:1|5:1|6:0|7:2|9:0|10:1|11:0|12:1|13:1|14:0|15:0|16:1|17:2|18:1
Amon-Ra St. Brown,2025,WR,DET,17,11,1410,7,56,25,1:0|2:3|3:1|4:2|5:0|6:0|7:1|9:0|10:1|11:0|12:1|13:0|14:0|15:2|16:0|17:0|18:0
Bijan Robinson,2025,RB,ATL,17,11,2298,9,36,19,1:1|2:0|3:0|4:1|6:1|7:1|8:0|9:0|10:0|11:2|12:0|13:1|14:0|15:1|16:1|17:2|18:0
Chase Brown,2025,RB,CIN,17,11,1456,6,47,14,1:1|2:0|3:0|4:0|5:0|6:0|7:0|8:2|9:0|11:0|12:0|13:0|14:2|15:0|16:3|17:2|18:1
Dallas Goedert,2025,TE,PHI,15,11,591,8,39,11,1:0|3:1|4:2|5:1|6:1|7:0|8:2|10:0|11:0|12:0|13:0|14:0|15:2|16:1|17:1
Puka Nacua,2025,WR,LA,16,11,1820,9,58,23,1:0|2:1|3:0|4:1|5:1|6:0|9:1|10:1|11:0|12:0|13:0|14:2|15:0|16:2|17:1|18:1
Tee Higgins,2025,WR,CIN,15,11,846,9,45,22,1:0|2:1|3:0|4:0|5:1|6:0|7:1|8:1|9:2|11:1|12:0|14:2|16:1|17:0|18:1
Trey McBride,2025,TE,ARI,17,11,1239,9,38,12,1:0|2:0|3:1|4:0|5:0|6:1|7:2|9:1|10:1|11:1|12:0|13:1|14:0|15:2|16:0|17:1|18:0
Ashton Jeanty,2025,RB,LV,17,10,1321,7,25,10,1:1|2:0|3:0|4:3|5:0|6:1|7:0|9:1|10:1|11:0|12:1|13:0|14:0|15:0|16:2|17:0|18:0
D'Andre Swift,2025,RB,CHI,16,10,1386,8,41,15,1:0|2:1|3:0|4:1|6:1|7:1|8:1|10:0|11:0|12:0|13:1|14:0|15:2|16:0|17:2|18:0
Jaxon Smith-Njigba,2025,WR,SEA,17,10,1829,8,44,18,1:0|2:0|3:1|4:0|5:1|6:1|7:1|9:0|10:1|11:0|12:2|13:0|14:2|15:0|16:1|17:0|18:0
TreVeyon Henderson,2025,RB,NE,17,10,1132,5,53,21,1:0|2:0|3:0|4:1|5:0|6:0|7:0|8:0|9:0|10:2|11:3|12:0|13:0|15:2|16:0|17:0|18:2
Chris Olave,2025,WR,NO,16,9,1160,7,26,14,1:0|2:0|3:0|4:1|5:0|6:0|7:2|8:0|9:0|10:1|12:0|13:1|14:0|15:1|16:2|17:1
George Pickens,2025,WR,DAL,17,9,1429,8,49,19,1:0|2:1|3:1|4:2|5:1|6:1|7:0|8:0|9:0|11:1|12:1|13:0|14:0|15:0|16:1|17:0|18:0
Jauan Jennings,2025,WR,SF,15,9,643,8,45,10,1:0|2:1|4:0|6:0|7:0|8:0|9:1|10:1|11:0|12:1|13:1|15:2|16:1|17:1|18:0
Jaxson Dart,2025,QB,NYG,14,9,487,7,37,9,2:0|3:0|4:1|5:0|6:1|7:1|8:1|9:1|10:2|13:0|15:0|16:0|17:2|18:0
Kareem Hunt,2025,RB,KC,17,9,754,7,38,12,1:0|2:0|3:1|4:0|5:2|6:0|7:0|8:2|9:1|11:1|12:1|13:0|14:1|15:0|16:0|17:0|18:0
Rhamondre Stevenson,2025,RB,NE,14,9,948,5,43,15,1:0|2:0|3:0|4:0|5:2|6:0|7:1|8:0|12:0|13:0|15:0|16:1|17:2|18:3
Saquon Barkley,2025,RB,PHI,16,9,1413,8,41,10,1:1|2:1|3:0|4:1|5:1|6:0|7:0|8:2|10:0|11:0|12:0|13:0|14:1|15:1|16:1|17:0
Trevor Lawrence,2025,QB,JAX,17,9,359,6,50,9,1:0|2:0|3:0|4:0|5:2|6:0|7:0|9:2|10:0|11:1|12:0|13:0|14:0|15:1|16:1|17:2|18:0
Colby Parkinson,2025,TE,LA,14,8,408,6,55,15,1:0|4:0|5:0|7:0|9:0|10:1|11:1|12:1|13:0|14:1|15:2|16:0|17:0|18:2
David Montgomery,2025,RB,DET,17,8,908,7,56,26,1:0|2:1|3:2|4:0|5:1|6:0|7:0|9:1|10:0|11:0|12:0|13:1|14:1|15:1|16:0|17:0|18:0
Ja'Marr Chase,2025,WR,CIN,16,8,1426,6,46,22,1:0|2:1|3:0|4:0|5:2|6:1|7:1|8:0|9:0|11:0|13:0|14:0|15:0|16:0|17:2|18:1
Jacory Croskey-Merritt,2025,RB,WAS,17,8,873,6,39,15,1:1|2:0|3:1|4:0|5:2|6:0|7:0|8:0|9:0|10:0|11:0|13:0|14:0|15:1|16:1|17:2|18:0
Jake Ferguson,2025,TE,DAL,17,8,601,6,49,9,1:0|2:0|3:0|4:1|5:2|6:1|7:2|8:0|9:0|11:1|12:0|13:0|14:0|15:0|16:0|17:1|18:0
Jalen Hurts,2025,QB,PHI,16,8,421,6,41,8,1:2|2:1|3:1|4:0|5:0|6:1|7:0|8:0|10:0|11:1|12:2|13:0|14:0|15:0|16:0|17:0
Jaylen Warren,2025,RB,PIT,16,8,1291,6,39,17,1:1|2:0|3:0|6:0|7:0|8:0|9:2|10:0|11:0|12:1|13:1|14:1|15:0|16:2|17:0|18:0
Kenny Gainwell,2025,RB,PIT,17,8,1023,6,42,19,1:0|2:0|3:1|4:2|6:0|7:0|8:0|9:0|10:0|11:2|12:0|13:0|14:1|15:0|16:1|17:0|18:1
Quentin Johnston,2025,WR,LAC,13,8,742,7,28,16,1:2|2:1|3:0|4:1|5:0|7:1|9:1|10:0|11:0|13:1|14:0|16:1|17:0
Sean Tucker,2025,RB,TB,17,8,354,6,38,16,1:0|2:0|3:0|4:0|5:0|6:1|7:0|8:1|10:0|11:3|12:0|13:0|14:1|15:1|16:1|17:0|18:0
Tyler Allgeier,2025,RB,ATL,17,8,610,7,36,19,1:0|2:1|3:0|4:1|6:1|7:0|8:1|9:0|10:2|11:1|12:0|13:1|14:0|15:0|16:0|17:0|18:0
A.J. Brown,2025,WR,PHI,15,7,1003,5,36,11,1:0|2:0|3:1|4:0|5:0|6:0|7:2|10:0|11:0|12:1|13:2|14:0|15:1|16:0|17:0
AJ Barner,2025,TE,SEA,17,7,533,6,44,8,1:0|2:1|3:0|4:1|5:2|6:0|7:0|9:1|10:0|11:0|12:0|13:0|14:0|15:0|16:1|17:1|18:0
Bhayshul Tuten,2025,RB,JAX,15,7,386,7,44,19,1:0|2:1|3:1|4:0|5:0|6:0|7:0|9:1|10:0|11:1|12:0|13:1|14:0|15:1|18:1
Brock Bowers,2025,TE,LV,12,7,682,4,22,7,1:0|2:0|3:0|4:0|9:3|10:0|11:0|12:0|13:2|14:1|15:0|16:1
Cam Skattebo,2025,RB,NYG,8,7,617,5,21,8,1:0|2:1|3:1|4:0|5:0|6:3|7:1|8:1
Courtland Sutton,2025,WR,DEN,17,7,1017,7,43,18,1:1|2:0|3:1|4:1|5:0|6:0|7:0|8:0|9:1|10:0|11:0|13:1|14:0|15:1|16:1|17:0|18:0
DJ Moore,2025,WR,CHI,17,7,761,5,47,19,1:0|2:0|3:1|4:0|6:0|7:0|8:0|9:1|10:0|11:0|12:2|13:0|14:0|15:2|16:1|17:0|18:0
DK Metcalf,2025,WR,PIT,15,7,862,7,39,13,1:0|2:1|3:1|4:1|6:1|7:0|8:1|9:0|10:0|11:0|12:1|13:0|14:0|15:1|16:0
Drake London,2025,WR,ATL,12,7,919,5,26,7,1:0|2:0|3:0|4:1|6:1|7:0|9:3|10:1|11:0|16:0|17:0|18:1
George Kittle,2025,TE,SF,11,7,625,6,33,10,1:1|7:0|8:1|9:0|10:1|11:2|12:0|13:0|15:1|16:1|18:0
Harold Fannin Jr.,2025,TE,CLE,16,7,744,6,26,11,1:0|2:0|3:0|4:0|5:1|6:0|7:0|8:1|10:0|11:0|12:0|13:1|14:1|15:0|16:2|17:1
Hunter Henry,2025,TE,NE,17,7,768,6,53,9,1:0|2:0|3:2|4:1|5:0|6:0|7:0|8:1|9:0|10:0|11:0|12:1|13:0|15:0|16:1|17:1|18:0
Jameson Williams,2025,WR,DET,17,7,1129,7,56,25,1:0|2:1|3:0|4:0|5:0|6:1|7:0|9:1|10:1|11:1|12:0|13:1|14:0|15:1|16:0|17:0|18:0
Michael Pittman,2025,WR,IND,17,7,784,7,52,17,1:1|2:0|3:1|4:1|5:1|6:0|7:1|8:1|9:0|10:0|12:1|13:0|14:0|15:0|16:0|17:0|18:0
Michael Wilson,2025,WR,ARI,17,7,1006,6,38,15,1:0|2:1|3:0|4:0|5:0|6:0|7:0|9:0|10:0|11:0|12:0|13:0|14:2|15:1|16:1|17:1|18:1
Nico Collins,2025,WR,HOU,15,7,1132,6,29,16,1:0|2:1|3:1|4:0|5:1|7:0|9:0|10:0|11:1|12:0|13:1|14:0|15:2|16:0|17:0
Quinshon Judkins,2025,RB,CLE,14,7,998,4,23,9,2:0|3:1|4:1|5:0|6:0|7:3|8:0|10:0|11:0|12:2|13:0|14:0|15:0|16:0
Rico Dowdle,2025,RB,CAR,17,7,1373,6,33,11,1:0|2:0|3:1|4:0|5:1|6:1|7:0|8:0|9:2|10:1|11:0|12:0|13:0|15:1|16:0|17:0|18:0
Tetairoa McMillan,2025,WR,CAR,17,7,1014,5,33,15,1:0|2:0|3:0|4:0|5:0|6:2|7:0|8:0|9:0|10:0|11:2|12:1|13:1|15:0|16:1|17:0|18:0
Alec Pierce,2025,WR,IND,15,6,1003,4,44,15,1:0|2:0|3:0|6:0|7:0|8:0|9:0|10:1|12:0|13:1|14:0|15:0|16:2|17:0|18:2
Blake Corum,2025,RB,LA,17,6,782,5,63,19,1:0|2:1|3:0|4:0|5:0|6:0|7:0|9:0|10:0|11:0|12:0|13:1|14:2|15:1|16:1|17:0|18:0
Chris Rodriguez Jr.,2025,RB,WAS,12,6,530,6,27,11,3:0|4:0|5:0|7:1|8:0|9:1|10:1|11:0|13:1|14:0|16:1|18:1
Christian Watson,2025,WR,GB,10,6,614,4,26,12,8:0|9:0|10:0|11:2|12:0|13:1|14:2|15:0|16:0|17:1
Colston Loveland,2025,TE,CHI,16,6,711,5,45,8,1:0|2:0|3:0|6:0|7:0|8:0|9:2|10:0|11:0|12:1|13:0|14:1|15:0|16:0|17:1|18:1
Darren Waller,2025,TE,MIA,9,6,287,4,21,7,4:2|5:1|6:1|7:0|13:0|14:0|15:2|16:0|17:0
Deebo Samuel Sr.,2025,WR,WAS,16,6,802,6,36,14,1:1|2:1|3:0|4:1|5:1|6:0|8:0|9:0|10:1|11:1|13:0|14:0|15:0|16:0|17:0|18:0
Emeka Egbuka,2025,WR,TB,17,6,947,5,38,19,1:2|2:1|3:0|4:1|5:1|6:0|7:0|8:0|10:1|11:0|12:0|13:0|14:0|15:0|16:0|17:0|18:0
Isaac TeSlaa,2025,WR,DET,14,6,239,6,48,21,1:1|2:0|3:0|5:1|7:0|10:0|11:0|12:0|13:1|14:1|15:0|16:1|17:1|18:0
Jayden Higgins,2025,WR,HOU,17,6,525,6,33,19,1:0|2:0|3:0|4:1|5:0|7:0|8:1|9:0|10:1|11:0|12:1|13:0|14:0|15:0|16:0|17:1|18:1
Jaylen Waddle,2025,WR,MIA,16,6,938,6,36,11,1:0|2:1|3:1|4:0|5:1|6:0|7:0|8:1|9:0|10:1|11:0|13:0|14:1|15:0|16:0|17:0
Jordan Mason,2025,RB,MIN,16,6,809,5,31,11,1:0|2:0|3:2|4:0|5:1|7:1|8:0|9:0|10:0|11:1|12:0|13:0|14:1|15:0|16:0|18:0
Kayshon Boutte,2025,WR,NE,14,6,551,5,40,15,1:0|2:1|3:0|4:0|5:0|6:2|7:1|8:1|9:0|12:0|13:1|15:0|16:0|18:0
Ladd McConkey,2025,WR,LAC,16,6,789,6,35,20,1:0|2:0|3:0|4:0|5:1|6:1|7:0|8:1|9:0|10:1|11:0|13:1|14:0|15:0|16:1|17:0
Mark Andrews,2025,TE,BAL,17,6,470,4,46,9,1:0|2:0|3:2|4:0|5:0|6:0|8:0|9:2|10:1|11:1|12:0|13:0|14:0|15:0|16:0|17:0|18:0
Rashee Rice,2025,WR,KC,8,6,591,4,19,8,7:2|8:1|9:1|11:0|12:0|13:2|14:0|15:0
Rome Odunze,2025,WR,CHI,12,6,661,5,33,12,1:1|2:2|3:1|4:1|6:0|7:0|8:0|9:0|10:1|11:0|12:0|13:0
Romeo Doubs,2025,WR,GB,16,6,724,4,44,17,1:0|2:1|3:0|4:3|6:0|7:0|8:0|9:0|10:0|11:0|12:0|13:1|14:0|15:0|16:1|17:0
Troy Franklin,2025,WR,DEN,17,6,721,5,43,18,1:0|2:1|3:0|4:0|5:0|6:0|7:1|8:2|9:0|10:1|11:0|13:0|14:0|15:1|16:0|17:0|18:0
Tucker Kraft,2025,TE,GB,8,6,492,5,23,7,1:1|2:1|3:0|4:0|6:1|7:1|8:2|9:0
Zay Flowers,2025,WR,BAL,17,6,1273,5,46,14,1:1|2:0|3:0|4:0|5:0|6:0|8:0|9:0|10:0|11:0|12:0|13:0|14:0|15:1|16:1|17:1|18:2
Bam Knight,2025,RB,ARI,12,5,429,5,30,8,2:0|4:0|5:1|6:1|7:0|9:0|10:0|11:1|12:1|13:1|14:0|15:0
Bo Nix,2025,QB,DEN,17,5,356,4,43,5,1:0|2:0|3:0|4:1|5:0|6:0|7:2|8:0|9:0|10:0|11:0|13:0|14:1|15:0|16:0|17:1|18:0
Breece Hall,2025,RB,NYJ,16,5,1415,4,25,8,1:0|2:0|3:0|4:0|5:0|6:0|7:0|8:2|10:1|11:0|12:0|13:1|14:0|15:0|16:0|17:1
Dalton Kincaid,2025,TE,BUF,12,5,571,5,46,11,1:1|2:0|3:1|4:1|5:0|8:0|9:1|10:0|14:1|15:0|16:0|18:0
Daniel Jones,2025,QB,IND,13,5,164,4,43,6,1:2|2:1|3:0|4:0|5:0|6:1|7:0|8:0|9:1|10:0|12:0|13:0|14:0
Devin Singletary,2025,RB,NYG,17,5,588,4,43,16,1:0|2:0|3:0|4:0|5:0|6:0|7:0|8:0|9:0|10:0|11:2|12:0|13:1|15:0|16:0|17:1|18:1
Jake Tonges,2025,TE,SF,10,5,293,5,29,11,1:1|2:0|3:0|4:1|5:1|6:0|8:1|11:0|16:0|17:1
Kenneth Walker III,2025,RB,SEA,17,5,1309,4,44,18,1:0|2:1|3:2|4:0|5:0|6:0|7:0|9:0|10:0|11:1|12:0|13:0|14:0|15:0|16:1|17:0|18:0
Kyle Monangai,2025,RB,CHI,17,5,947,5,47,16,1:0|2:0|3:0|4:0|6:0|7:1|8:0|9:0|10:1|11:1|12:1|13:1|14:0|15:0|16:0|17:0|18:0
Kyle Pitts,2025,TE,ATL,17,5,928,3,36,5,1:0|2:0|3:0|4:1|6:0|7:0|8:0|9:0|10:0|11:0|12:0|13:0|14:0|15:3|16:1|17:0|18:0
Marquise Brown,2025,WR,KC,16,5,587,4,37,16,1:0|2:0|3:0|4:1|5:0|6:2|7:1|8:0|9:0|11:0|12:0|13:1|14:0|16:0|17:0|18:0
Omarion Hampton,2025,RB,LAC,9,5,737,5,18,5,1:0|2:0|3:1|4:1|5:0|14:1|15:0|16:1|17:1
Parker Washington,2025,WR,JAX,16,5,847,5,46,13,1:0|2:0|3:0|4:0|5:1|6:0|7:0|9:0|10:1|11:0|12:1|13:0|15:0|16:1|17:0|18:1
Patrick Mahomes,2025,QB,KC,14,5,422,5,37,5,1:1|2:1|3:0|4:0|5:1|6:1|7:0|8:0|9:0|11:0|12:0|13:0|14:0|15:1
Tez Johnson,2025,WR,TB,15,5,344,4,33,17,1:0|3:0|4:0|5:0|6:1|7:1|8:0|10:2|11:0|12:1|13:0|15:0|16:0|17:0|18:0
Theo Johnson,2025,TE,NYG,15,5,528,4,37,6,1:0|2:0|3:0|4:1|5:2|6:0|7:1|8:0|9:1|10:0|11:0|12:0|13:0|15:0|16:0
Tony Pollard,2025,RB,TEN,17,5,1288,4,23,7,1:0|2:0|3:1|4:0|5:1|6:0|7:0|8:0|9:0|11:0|12:0|13:0|14:2|15:1|16:0|17:0|18:0
Tory Horton,2025,WR,SEA,8,5,161,4,25,11,1:0|2:1|3:1|4:0|5:1|6:0|7:0|9:2
Travis Kelce,2025,TE,KC,17,5,852,5,38,5,1:1|2:0|3:0|4:0|5:1|6:0|7:0|8:1|9:0|11:1|12:0|13:1|14:0|15:0|16:0|17:0|18:0
Tre Tucker,2025,WR,LV,17,5,747,3,25,7,1:1|2:0|3:3|4:0|5:0|6:0|7:0|9:0|10:0|11:1|12:0|13:0|14:0|15:0|16:0|17:0|18:0
Ty Johnson,2025,RB,BUF,17,5,463,4,59,21,1:0|2:0|3:0|4:0|5:0|6:0|8:0|9:1|10:0|11:1|12:0|13:0|14:0|15:0|16:1|17:0|18:2
Tyler Warren,2025,TE,IND,17,5,825,5,52,7,1:0|2:0|3:0|4:1|5:1|6:1|7:1|8:0|9:0|10:0|12:0|13:1|14:0|15:0|16:0|17:0|18:0
Woody Marks,2025,RB,HOU,16,5,911,4,32,9,1:0|2:0|3:0|4:2|5:0|7:1|8:0|9:0|10:1|11:0|12:0|13:0|14:1|15:0|17:0|18:0
Bucky Irving,2025,RB,TB,10,4,865,4,20,8,1:1|2:0|3:0|4:1|13:1|14:1|15:0|16:0|17:0|18:0
Caleb Williams,2025,QB,CHI,17,4,388,4,47,4,1:1|2:0|3:0|4:0|6:1|7:0|8:0|9:1|10:1|11:0|12:0|13:0|14:0|15:0|16:0|17:0|18:0
Chimere Dike,2025,WR,TEN,17,4,441,4,23,9,1:0|2:0|3:0|4:0|5:0|6:0|7:1|8:0|9:0|11:0|12:1|13:0|14:1|15:0|16:1|17:0|18:0
Chuba Hubbard,2025,RB,CAR,15,4,734,4,27,9,1:1|2:1|3:0|4:0|7:0|8:1|9:0|10:0|11:0|12:0|13:1|15:0|16:0|17:0|18:0
David Njoku,2025,TE,CLE,11,4,293,4,17,8,1:0|2:0|3:0|4:0|5:1|6:0|8:1|10:1|11:0|13:0|14:1
Dawson Knox,2025,TE,BUF,16,4,417,3,55,10,1:0|2:0|4:0|5:0|6:1|8:0|9:0|10:0|11:0|12:0|13:0|14:0|15:2|16:0|17:0|18:1
DeVonta Smith,2025,WR,PHI,17,4,1008,4,43,12,1:0|2:0|3:1|4:0|5:0|6:0|7:1|8:0|10:1|11:0|12:0|13:0|14:0|15:0|16:1|17:0|18:0
Drake Maye,2025,QB,NE,17,4,450,3,53,4,1:0|2:1|3:0|4:1|5:0|6:0|7:0|8:0|9:0|10:0|11:0|12:0|13:0|15:2|16:0|17:0|18:0
Elic Ayomanor,2025,WR,TEN,16,4,515,4,21,8,1:0|2:1|3:1|4:0|5:0|6:0|7:0|8:0|9:0|11:0|13:0|14:1|15:0|16:0|17:1|18:0
Garrett Wilson,2025,WR,NYJ,7,4,395,4,12,5,1:1|2:0|3:1|4:1|5:1|6:0|10:0
Greg Dortch,2025,WR,ARI,12,4,221,4,28,9,1:0|2:0|3:0|4:0|5:0|6:1|7:0|9:0|10:1|11:1|12:1|13:0
J.J. McCarthy,2025,QB,MIN,10,4,181,4,20,4,1:1|2:0|9:1|10:0|11:0|12:0|14:0|15:1|16:1|18:0
J.K. Dobbins,2025,RB,DEN,10,4,809,4,28,10,1:1|2:1|3:1|4:0|5:1|6:0|7:0|8:0|9:0|10:0
Jalen Nailor,2025,WR,MIN,17,4,457,3,33,10,1:0|2:0|3:0|4:1|5:0|7:0|8:0|9:0|10:1|11:0|12:0|13:0|14:0|15:2|16:0|17:0|18:0
Jordan Addison,2025,WR,MIN,14,4,691,4,26,9,4:0|5:1|7:0|8:1|9:0|10:0|11:1|12:0|13:0|14:0|15:0|16:0|17:1|18:0
Josh Downs,2025,WR,IND,16,4,564,4,47,16,1:0|2:0|3:0|4:0|5:0|6:1|8:1|9:1|10:0|12:0|13:0|14:0|15:1|16:0|17:0|18:0
Josh Oliver,2025,TE,MIN,12,4,160,3,27,6,1:0|3:1|4:0|5:1|7:0|11:0|12:0|14:2|15:0|16:0|17:0|18:0
Justin Fields,2025,QB,NYJ,9,4,383,3,16,4,1:2|2:0|4:1|5:0|6:0|7:0|8:0|10:0|11:1
Keenan Allen,2025,WR,LAC,17,4,777,4,35,20,1:1|2:1|3:1|4:0|5:0|6:0|7:1|8:0|9:0|10:0|11:0|13:0|14:0|15:0|16:0|17:0|18:0
Keon Coleman,2025,WR,BUF,12,4,404,4,42,11,1:1|2:0|3:0|4:0|5:1|6:0|8:0|9:0|10:1|13:1|14:0|18:0
Khalil Shakir,2025,WR,BUF,16,4,724,4,54,11,1:0|2:0|3:1|4:1|5:0|6:0|8:1|9:0|10:0|11:0|12:0|13:0|14:1|15:0|16:0|17:0
Kimani Vidal,2025,RB,LAC,13,4,779,4,26,8,4:0|5:0|6:1|7:0|8:1|9:0|10:1|11:0|13:1|14:0|15:0|16:0|18:0
Malik Washington,2025,WR,MIA,17,4,427,4,37,12,1:0|2:0|3:0|4:0|5:0|6:0|7:0|8:1|9:0|10:1|11:0|13:0|14:0|15:0|16:1|17:0|18:1
Marvin Harrison Jr.,2025,WR,ARI,12,4,608,4,26,9,1:1|2:0|3:0|4:1|5:0|6:0|7:0|9:1|10:1|13:0|16:0|17:0
Ollie Gordon II,2025,RB,MIA,17,4,231,4,37,18,1:0|2:0|3:1|4:0|5:0|6:0|7:0|8:1|9:0|10:0|11:1|13:0|14:1|15:0|16:0|17:0|18:0
Pat Freiermuth,2025,TE,PIT,15,4,486,3,38,8,1:0|2:0|3:0|6:0|7:2|8:0|9:1|10:0|11:0|12:1|14:0|15:0|16:0|17:0|18:0
Rachaad White,2025,RB,TB,17,4,790,3,38,16,1:0|2:1|3:0|4:0|5:2|6:1|7:0|8:0|10:0|11:0|12:0|13:0|14:0|15:0|16:0|17:0|18:0
Ryan Flournoy,2025,WR,DAL,15,4,500,4,44,18,2:0|3:0|4:0|5:0|6:0|7:0|8:0|9:1|11:1|12:0|13:0|14:1|15:0|16:1|18:0
Stefon Diggs,2025,WR,NE,17,4,1013,4,53,19,1:0|2:0|3:0|4:0|5:0|6:0|7:0|8:1|9:1|10:1|11:0|12:0|13:0|15:0|16:0|17:1|18:0
Tyrone Tracy Jr.,2025,RB,NYG,15,4,1028,3,39,16,1:0|2:0|3:0|6:0|7:1|8:0|9:0|10:0|11:0|12:0|13:0|15:2|16:0|17:0|18:1
Wan'Dale Robinson,2025,WR,NYG,16,4,1019,4,40,9,1:0|2:1|3:0|4:0|5:0|6:1|7:0|8:0|9:0|10:0|11:0|12:1|13:0|15:1|16:0|17:0
Zach Ertz,2025,TE,WAS,13,4,504,4,30,5,1:1|2:1|3:0|4:0|5:0|6:1|7:1|8:0|9:0|10:0|11:0|13:0|14:0
Aaron Jones,2025,RB,MIN,12,3,747,3,22,6,1:1|2:0|8:0|9:0|10:1|11:0|12:0|13:0|14:0|15:0|16:0|17:1
Brenton Strange,2025,TE,JAX,12,3,540,3,38,6,1:0|2:0|3:0|4:0|5:0|12:0|13:1|14:0|15:0|16:1|17:0|18:1
Brian Thomas Jr.,2025,WR,JAX,14,3,728,3,40,11,1:1|2:0|3:0|4:0|5:0|6:1|7:0|9:0|13:0|14:0|15:1|16:0|17:0|18:0
Brock Purdy,2025,QB,SF,9,3,147,2,29,3,1:0|4:0|11:0|12:0|13:1|15:0|16:0|17:2|18:0
Calvin Austin III,2025,WR,PIT,14,3,372,3,36,13,1:1|2:0|3:1|4:0|8:0|9:0|10:0|11:0|12:0|13:0|14:0|15:0|16:0|18:1
CeeDee Lamb,2025,WR,DAL,13,3,1079,3,35,14,1:0|2:0|7:1|8:0|9:0|11:1|12:0|13:1|14:0|15:0|16:0|17:0|18:0
Connor Heyward,2025,RB,PIT,14,3,64,3,35,14,1:0|2:0|4:0|6:1|7:0|8:0|9:0|10:0|11:0|12:0|14:0|15:1|17:0|18:1
Dalton Schultz,2025,TE,HOU,17,3,777,3,33,3,1:0|2:0|3:0|4:0|5:0|7:0|8:0|9:0|10:1|11:0|12:0|13:0|14:0|15:1|16:1|17:0|18:0
Davis Allen,2025,TE,LA,15,3,208,3,58,15,1:1|2:1|3:0|4:0|5:0|6:0|7:0|9:0|10:1|12:0|13:0|14:0|15:0|16:0|18:0
DeMario Douglas,2025,WR,NE,16,3,468,3,48,18,1:1|2:0|3:0|5:0|6:1|7:0|8:0|9:1|10:0|11:0|12:0|13:0|15:0|16:0|17:0|18:0
Devontez Walker,2025,WR,BAL,8,3,136,2,21,9,2:2|3:0|4:0|5:0|12:0|13:0|16:0|18:1
Emanuel Wilson,2025,RB,GB,17,3,595,2,44,17,1:0|2:0|3:0|4:0|6:0|7:0|8:0|9:0|10:0|11:1|12:2|13:0|14:0|15:0|16:0|17:0|18:0
Jackson Hawes,2025,TE,BUF,13,3,187,3,47,11,1:0|2:0|3:1|4:0|8:0|9:0|10:1|12:0|13:0|14:1|15:0|16:0|18:0
Jakobi Meyers,2025,WR,JAX,16,3,848,3,50,15,1:0|2:0|3:0|4:0|5:0|6:0|9:0|10:0|11:0|12:1|13:1|14:1|15:0|16:0|17:0|18:0
Jalen Coker,2025,WR,CAR,11,3,394,3,19,10,7:0|8:0|9:0|10:0|11:0|12:0|13:1|15:1|16:0|17:0|18:1
Jonnu Smith,2025,TE,PIT,17,3,292,3,42,8,1:1|2:0|3:0|4:0|6:0|7:1|8:0|9:0|10:0|11:0|12:0|13:0|14:0|15:1|16:0|17:0|18:0
Justice Hill,2025,RB,BAL,10,3,262,2,27,11,1:0|2:0|3:0|4:2|5:0|6:0|8:0|9:0|10:1|12:0
Juwan Johnson,2025,TE,NO,17,3,889,3,28,5,1:0|2:1|3:0|4:0|5:0|6:0|7:0|8:0|9:1|10:1|12:0|13:0|14:0|15:0|16:0|17:0|18:0
Kyle Williams,2025,WR,NE,14,3,212,3,45,15,1:0|3:0|4:0|6:0|7:0|9:0|10:1|11:0|12:0|13:1|15:0|16:1|17:0|18:0
Luke McCaffrey,2025,WR,WAS,9,3,203,3,23,9,1:0|2:0|3:1|4:1|5:0|6:1|7:0|8:0|9:0
Mike Evans,2025,WR,TB,8,3,368,3,16,10,1:0|2:0|3:1|7:0|15:0|16:1|17:1|18:0
Nick Chubb,2025,RB,HOU,15,3,573,3,28,9,1:0|2:1|3:0|4:0|5:1|7:0|8:0|9:0|10:0|11:0|12:0|13:1|14:0|16:0|17:0
Noah Fant,2025,TE,CIN,13,3,288,3,38,7,1:1|2:0|3:0|6:0|7:1|8:0|9:1|11:0|12:0|13:0|14:0|17:0|18:0
Oronde Gadsden II,2025,TE,LAC,15,3,664,3,30,3,3:0|4:0|5:0|6:0|7:1|8:1|9:0|10:0|11:0|13:0|14:0|15:0|16:0|17:1|18:0
Sam LaPorta,2025,TE,DET,9,3,489,3,34,5,1:0|2:0|3:0|4:0|5:1|6:1|7:0|9:1|10:0
Samaje Perine,2025,RB,CIN,15,3,469,3,45,14,1:0|2:0|3:0|4:0|5:0|6:0|7:0|8:1|9:0|13:0|14:0|15:0|16:1|17:1|18:0
T.J. Hockenson,2025,TE,MIN,15,3,438,3,30,7,1:0|2:0|3:1|4:0|5:0|7:0|8:0|9:1|10:0|11:0|12:0|13:0|14:1|15:0|16:0
Terrance Ferguson,2025,TE,LA,11,3,231,3,45,11,5:0|6:0|7:1|9:0|10:0|12:0|13:0|14:0|15:0|16:1|17:1
Terry McLaurin,2025,WR,WAS,10,3,582,3,22,7,1:0|2:0|3:0|8:1|13:1|14:0|15:1|16:0|17:0|18:0
Tim Patrick,2025,WR,JAX,13,3,187,3,37,12,2:0|3:0|4:0|5:0|6:1|7:0|11:1|12:0|13:0|14:1|16:0|17:0|18:0
Tyler Higbee,2025,TE,LA,10,3,281,3,36,11,1:0|2:0|3:0|4:0|6:1|7:0|9:1|10:0|11:0|18:1
Tyler Shough,2025,QB,NO,11,3,186,2,18,3,3:0|8:0|9:0|10:0|12:0|13:0|14:2|15:0|16:0|17:0|18:1
Tyquan Thornton,2025,WR,KC,12,3,438,3,29,12,1:0|2:1|3:1|4:1|5:0|7:0|9:0|11:0|12:0|13:0|14:0|15:0
Xavier Hutchinson,2025,WR,HOU,16,3,450,2,29,18,1:0|2:0|3:0|4:0|5:2|7:0|8:1|9:0|11:0|12:0|13:0|14:0|15:0|16:0|17:0|18:0
Xavier Legette,2025,WR,CAR,15,3,363,3,29,15,1:0|2:0|5:1|6:0|7:1|8:0|9:0|10:0|11:1|12:0|13:0|15:0|16:0|17:0|18:0
Adonai Mitchell,2025,WR,NYJ,16,2,449,2,25,10,1:0|2:0|3:0|4:0|5:0|7:0|8:0|9:0|11:0|12:0|13:1|14:0|15:1|16:0|17:0|18:0
Andrei Iosivas,2025,WR,CIN,15,2,449,2,44,23,2:0|4:0|5:0|6:0|7:0|8:0|9:1|11:0|12:0|13:1|14:0|15:0|16:0|17:0|18:0
Andrew Beck,2025,RB,NYJ,11,2,50,2,16,7,3:0|5:1|6:0|7:0|8:0|10:0|12:0|13:0|14:0|15:0|18:1
Austin Hooper,2025,TE,NE,13,2,263,2,42,9,1:0|2:0|3:0|4:0|6:0|7:1|8:0|9:0|10:0|12:0|16:0|17:1|18:0
Brian Robinson,2025,RB,SF,17,2,425,2,48,21,1:0|2:0|3:0|4:0|5:0|6:0|7:0|8:0|9:1|10:1|11:0|12:0|13:0|15:0|16:0|17:0|18:0
Brock Wright,2025,TE,DET,8,2,108,2,31,4,2:1|4:0|5:1|7:0|9:0|10:0|11:0|12:0
Bryce Young,2025,QB,CAR,16,2,216,2,32,2,1:0|2:0|3:1|4:0|5:0|6:0|7:0|9:0|10:0|11:0|12:0|13:0|15:0|16:0|17:1|18:0
C.J. Ham,2025,RB,MIN,8,2,16,2,16,7,5:0|7:0|10:0|11:0|15:1|16:0|17:0|18:1
Cam Ward,2025,QB,TEN,17,2,159,2,23,2,1:0|2:0|3:0|4:0|5:0|6:0|7:0|8:0|9:0|11:0|12:1|13:0|14:0|15:0|16:0|17:0|18:1
Cedric Tillman,2025,WR,CLE,12,2,270,2,19,4,1:1|2:1|3:0|4:0|10:0|11:0|12:0|13:0|14:0|16:0|17:0|18:0
Charlie Kolar,2025,TE,BAL,13,2,142,2,32,9,3:0|5:0|6:0|8:1|9:1|10:0|11:0|12:0|13:0|14:0|15:0|16:0|17:0
Chig Okonkwo,2025,TE,TEN,17,2,560,2,23,5,1:0|2:0|3:0|4:0|5:0|6:0|7:0|8:0|9:0|11:0|12:0|13:0|14:0|15:0|16:1|17:1|18:0
Chris Godwin Jr.,2025,WR,TB,9,2,360,2,18,8,4:0|5:0|12:0|13:0|14:0|15:1|16:0|17:1|18:0
Cole Kmet,2025,TE,CHI,16,2,347,2,46,8,1:0|2:0|3:1|4:0|6:0|7:0|9:0|10:0|11:0|12:0|13:1|14:0|15:0|16:0|17:0|18:0
Cooper Kupp,2025,WR,SEA,16,2,593,2,39,15,1:0|2:0|3:0|4:0|5:0|6:1|7:0|10:0|11:0|12:0|13:0|14:1|15:0|16:0|17:0|18:0
Dak Prescott,2025,QB,DAL,17,2,177,2,49,2,1:0|2:0|3:0|4:1|5:0|6:0|7:0|8:0|9:0|11:0|12:1|13:0|14:0|15:0|16:0|17:0|18:0
Daniel Bellinger,2025,TE,NYG,13,2,286,2,33,6,1:0|2:0|3:0|4:0|5:0|7:1|8:0|10:0|11:0|12:0|15:0|17:0|18:1
David Sills,2025,WR,ATL,12,2,191,2,25,8,3:0|8:0|9:0|10:0|11:0|12:1|13:1|14:0|15:0|16:0|17:0|18:0
DeAndre Hopkins,2025,WR,BAL,17,2,330,2,46,14,1:1|2:1|3:0|4:0|5:0|6:0|8:0|9:0|10:0|11:0|12:0|13:0|14:0|15:0|16:0|17:0|18:0
Devaughn Vele,2025,WR,NO,9,2,293,2,14,7,1:0|2:1|5:0|8:0|10:0|12:0|13:1|14:0|15:0
Devin Neal,2025,RB,NO,9,2,310,2,13,3,1:0|7:0|8:0|9:0|10:0|12:0|13:0|14:1|15:1
Dontayvion Wicks,2025,WR,GB,13,2,338,1,35,13,1:0|2:0|3:0|4:0|6:0|7:0|10:0|11:0|12:0|13:2|15:0|16:0|17:0
Dylan Sampson,2025,RB,CLE,15,2,446,2,24,10,1:0|2:1|3:0|4:0|5:0|6:0|7:0|8:0|10:0|11:0|12:1|13:0|14:0|17:0|18:0
Gunnar Helm,2025,TE,TEN,16,2,357,2,22,5,1:0|2:0|3:0|4:0|5:0|6:0|7:0|8:1|9:0|11:0|12:0|13:0|14:0|15:1|16:0|17:0
Hunter Long,2025,TE,JAX,7,2,85,2,14,2,1:1|3:0|4:1|5:0|6:0|7:0|9:0
Hunter Renfrow,2025,WR,CAR,6,2,89,1,14,5,1:0|2:2|3:0|4:0|5:0|6:0
Isiah Pacheco,2025,RB,KC,13,2,563,2,33,9,1:0|2:0|3:0|4:1|5:0|6:0|7:1|8:0|13:0|14:0|15:0|16:0|17:0
Jahdae Walker,2025,WR,CHI,6,2,87,2,17,7,4:0|8:0|9:0|16:1|17:0|18:1
Jameis Winston,2025,QB,NYG,3,2,23,2,9,2,11:1|12:1|15:0
James Conner,2025,RB,ARI,3,2,133,2,5,2,1:1|2:1|3:0
Jayden Daniels,2025,QB,WAS,7,2,278,2,16,2,1:0|2:0|5:0|6:0|7:1|9:1|14:0
Jaylen Wright,2025,RB,MIA,9,2,332,2,22,11,8:0|10:0|11:0|13:0|14:1|15:0|16:1|17:0|18:0
Jaylin Noel,2025,WR,HOU,17,2,304,2,33,19,1:0|2:0|3:0|4:0|5:1|7:0|8:0|9:0|10:0|11:0|12:0|13:0|14:0|15:0|16:0|17:1|18:0
Jerry Jeudy,2025,WR,CLE,17,2,607,2,26,4,1:0|2:0|3:0|4:0|5:0|6:0|7:0|8:0|10:1|11:0|12:0|13:0|14:1|15:0|16:0|17:0|18:0
John Metchie III,2025,WR,NYJ,13,2,269,2,20,8,1:0|2:0|3:0|4:0|10:0|11:1|12:1|13:0|14:0|15:0|16:0|17:0|18:0
Justin Herbert,2025,QB,LAC,16,2,498,2,35,2,1:0|2:0|3:0|4:0|5:0|6:0|7:0|8:0|9:1|10:0|11:0|13:0|14:0|15:0|16:1|17:0
Justin Jefferson,2025,WR,MIN,17,2,1055,2,33,10,1:1|2:0|3:0|4:0|5:0|7:0|8:0|9:1|10:0|11:0|12:0|13:0|14:0|15:0|16:0|17:0|18:0
KaVontae Turpin,2025,WR,DAL,15,2,485,2,41,17,1:0|2:1|3:0|4:0|7:0|8:0|9:0|11:0|12:0|13:0|14:0|15:0|16:0|17:1|18:0
Kyle Juszczyk,2025,RB,SF,16,2,210,2,43,19,1:0|2:0|3:1|4:0|5:0|6:0|7:0|8:0|9:0|10:0|11:0|12:0|13:0|15:0|17:1|18:0
Lamar Jackson,2025,QB,BAL,13,2,349,2,37,2,1:1|2:0|3:0|4:0|9:0|10:0|11:0|12:0|13:0|14:1|15:0|16:0|18:0
Luke Farrell,2025,TE,SF,13,2,85,2,37,12,1:0|2:1|4:0|5:0|6:0|7:0|8:0|9:0|10:1|11:0|12:0|13:0|16:0
Luther Burden III,2025,WR,CHI,15,2,689,2,39,15,1:0|2:0|3:1|4:0|6:0|7:0|8:0|10:0|11:0|12:0|13:0|14:0|15:0|17:1|18:0
Mack Hollins,2025,WR,NE,14,2,554,2,40,17,1:0|2:1|3:0|4:1|6:0|7:0|8:0|9:0|10:0|11:0|12:0|13:0|15:0|16:0
Malik Davis,2025,RB,DAL,10,2,266,2,27,9,7:0|8:0|9:0|11:0|12:0|13:1|14:0|15:1|16:0|17:0
Malik Nabers,2025,WR,NYG,4,2,271,1,7,3,1:0|2:2|3:0|4:0
Malik Willis,2025,QB,GB,4,2,123,1,10,2,11:0|12:0|16:0|17:2
Marvin Mims Jr.,2025,WR,DEN,15,2,400,2,40,16,1:0|2:1|3:0|4:1|5:0|6:0|7:0|8:0|11:0|13:0|14:0|15:0|16:0|17:0|18:0
Mike Gesicki,2025,TE,CIN,12,2,307,2,32,5,1:0|2:0|3:0|4:0|5:0|12:0|13:0|14:1|15:0|16:1|17:0|18:0
Mitchell Evans,2025,TE,CAR,14,2,172,2,29,5,2:0|3:0|4:1|5:1|6:0|7:0|10:0|11:0|12:0|13:0|15:0|16:0|17:0|18:0
Mitchell Tinsley,2025,WR,CIN,8,2,116,2,18,9,2:1|3:0|4:0|9:0|12:1|13:0|15:0|16:0
Olamide Zaccheaus,2025,WR,CHI,14,2,338,2,40,17,1:0|2:0|3:0|4:0|6:0|7:0|8:0|9:1|10:0|12:0|13:0|14:1|15:0|16:0
Rashid Shaheed,2025,WR,SEA,18,2,756,2,44,18,1:0|2:1|3:0|4:0|5:1|6:0|7:0|8:0|9:0|10:0|11:0|12:0|13:0|14:0|15:0|16:0|17:0|18:0
Rashod Bateman,2025,WR,BAL,13,2,224,2,37,10,1:0|2:0|3:1|4:0|5:0|6:0|8:0|9:1|10:0|13:0|14:0|16:0|17:0
Ray Davis,2025,RB,BUF,17,2,361,2,59,21,1:0|2:0|3:0|4:0|5:0|6:1|8:0|9:0|10:0|11:0|12:0|13:0|14:0|15:0|16:0|17:0|18:1
Riley Leonard,2025,QB,IND,5,2,27,2,15,2,8:0|14:1|16:0|17:0|18:1
Roman Wilson,2025,WR,PIT,9,2,166,2,19,6,2:0|6:0|7:0|8:1|9:0|10:1|11:0|12:0|13:0
Tank Bigsby,2025,RB,PHI,15,2,388,2,39,10,1:0|3:0|4:0|5:0|6:0|7:0|8:0|10:0|11:0|12:0|14:0|15:0|16:1|17:0|18:1
Tanner Hudson,2025,TE,CIN,10,2,168,2,31,5,6:1|8:0|9:0|11:0|12:0|13:1|14:0|15:0|16:0|17:0
Tommy Tremble,2025,TE,CAR,15,2,249,2,31,5,1:0|2:0|3:0|4:1|5:0|6:0|7:0|8:0|9:0|11:0|13:0|15:0|16:0|17:0|18:1
Tyjae Spears,2025,RB,TEN,13,2,547,2,20,6,5:0|6:0|7:0|8:1|9:0|11:0|12:0|13:0|14:0|15:0|16:1|17:0|18:0
Aaron Rodgers,2025,QB,PIT,16,1,61,1,39,1,1:0|2:0|3:0|4:0|6:0|7:0|8:0|9:0|10:0|11:0|13:0|14:1|15:0|16:0|17:0|18:0
Adam Trautman,2025,TE,DEN,13,1,195,1,33,2,1:0|2:1|3:0|4:0|5:0|8:0|9:0|10:0|11:0|13:0|14:0|16:0|17:0
Allen Lazard,2025,WR,NYJ,9,1,70,1,16,8,3:1|4:0|5:0|7:0|8:0|12:0|13:0|14:0|15:0
Alvin Kamara,2025,RB,NO,11,1,657,1,14,2,1:1|2:0|3:0|4:0|5:0|6:0|7:0|8:0|9:0|10:0|12:0
Ameer Abdullah,2025,RB,IND,13,1,159,1,41,17,5:1|6:0|7:0|8:0|9:0|10:0|12:0|13:0|14:0|15:0|16:0|17:0|18:0
Andrew Ogletree,2025,TE,IND,11,1,27,1,32,4,1:0|2:0|4:0|7:0|8:0|9:0|10:0|12:1|13:0|14:0|16:0
Antonio Gibson,2025,RB,NE,5,1,112,1,13,4,1:0|2:0|3:0|4:1|5:0
Audric Estimé,2025,RB,NO,5,1,301,1,12,3,14:0|15:0|16:0|17:1|18:0
Baker Mayfield,2025,QB,TB,17,1,382,1,38,1,1:0|2:0|3:0|4:0|5:0|6:0|7:0|8:0|10:0|11:1|12:0|13:0|14:0|15:0|16:0|17:0|18:0
Ben Sinnott,2025,TE,WAS,9,1,114,1,17,3,2:0|4:0|8:0|10:1|14:0|15:0|16:0|17:0|18:0
Ben Skowronek,2025,WR,PIT,16,1,69,1,42,14,1:1|2:0|3:0|4:0|6:0|7:0|8:0|9:0|10:0|11:0|12:0|13:0|14:0|15:0|16:0|18:0
Bo Melton,2025,WR,GB,13,1,142,1,37,16,1:0|4:0|6:0|7:0|8:0|10:0|11:0|13:0|14:1|15:0|16:0|17:0|18:0
Braelon Allen,2025,RB,NYJ,4,1,93,1,9,1,1:1|2:0|3:0|4:0
Brashard Smith,2025,RB,KC,17,1,323,1,38,12,1:0|2:0|3:0|4:0|5:0|6:0|7:0|8:0|9:0|11:0|12:0|13:0|14:0|15:0|16:0|17:1|18:0
Brevyn Spann-Ford,2025,TE,DAL,16,1,90,1,44,8,1:0|2:0|3:0|5:0|6:0|7:0|8:0|9:0|11:0|12:1|13:0|14:0|15:0|16:0|17:0|18:0
Brittain Brown,2025,RB,CHI,2,1,37,1,10,3,9:1|15:0
C.J. Stroud,2025,QB,HOU,14,1,209,1,26,1,1:0|2:0|3:0|4:0|5:0|7:0|8:0|9:0|13:0|14:0|15:0|16:0|17:0|18:1
Cade Otton,2025,TE,TB,15,1,572,1,34,1,1:0|2:0|4:0|5:0|6:0|7:0|8:0|10:0|11:0|12:0|13:0|14:0|16:0|17:0|18:1
Chris Moore,2025,WR,WAS,10,1,216,1,26,9,1:0|3:0|4:0|5:0|6:1|7:0|10:0|11:0|16:0|17:0
Christian Kirk,2025,WR,HOU,11,1,239,1,23,13,3:0|4:0|5:0|9:0|10:0|11:0|12:1|14:0|16:0|17:0|18:0
Cody White,2025,WR,SEA,8,1,90,1,21,10,1:0|9:1|10:0|11:0|12:0|13:0|14:0|16:0
Curtis Samuel,2025,WR,BUF,6,1,81,1,23,6,4:0|5:1|8:0|9:0|10:0|11:0
Dare Ogunbowale,2025,RB,HOU,14,1,101,1,24,6,1:0|2:0|3:0|5:0|7:0|8:0|9:0|11:0|12:0|13:0|14:1|15:0|16:0|18:0
Darius Slayton,2025,WR,NYG,14,1,538,1,30,8,1:0|2:0|3:0|4:0|5:0|8:0|9:0|10:0|12:0|13:1|15:0|16:0|17:0|18:0
Darnell Mooney,2025,WR,ATL,15,1,443,1,31,9,2:0|3:0|4:0|7:0|8:0|9:0|10:0|11:0|12:1|13:0|14:0|15:0|16:0|17:0|18:0
Darnell Washington,2025,TE,PIT,13,1,364,1,30,7,2:0|4:0|6:0|7:1|9:0|10:0|11:0|12:0|13:0|14:0|15:0|16:0|17:0
David Martin-Robinson,2025,TE,TEN,11,1,30,1,16,5,1:0|6:1|8:0|9:0|11:0|13:0|14:0|15:0|16:0|17:0|18:0
Davis Mills,2025,QB,HOU,6,1,60,1,14,2,5:0|9:0|10:1|11:0|12:0|18:0
Demarcus Robinson,2025,WR,SF,14,1,282,1,42,9,4:0|5:0|6:0|7:0|8:0|9:0|10:0|11:0|12:0|13:0|15:0|16:1|17:0|18:0
Devin Culp,2025,TE,TB,4,1,6,1,10,1,4:0|6:0|13:0|15:1
Drew Sample,2025,TE,CIN,12,1,109,1,32,6,1:0|2:0|3:1|5:0|6:0|7:0|12:0|13:0|15:0|16:0|17:0|18:0
Dyami Brown,2025,WR,JAX,11,1,257,1,32,9,1:0|2:1|3:0|5:0|6:0|7:0|9:0|10:0|11:0|15:0|18:0
Efton Chism III,2025,WR,NE,8,1,75,1,29,12,6:0|7:0|9:0|10:0|11:0|13:0|17:1|18:0
Elijah Arroyo,2025,TE,SEA,13,1,179,1,36,6,1:0|2:0|3:0|4:0|5:0|6:0|7:0|9:1|10:0|11:0|12:0|13:0|14:0
Elijah Moore,2025,WR,BUF,9,1,136,1,30,6,1:0|2:1|3:0|4:0|6:0|8:0|9:0|10:0|12:0
Emari Demercado,2025,RB,ARI,12,1,413,1,28,6,1:0|3:0|4:1|5:0|6:0|9:0|10:0|11:0|15:0|16:0|17:0|18:0
Evan Engram,2025,TE,DEN,16,1,468,1,41,3,1:0|2:0|4:0|5:1|6:0|7:0|8:0|9:0|10:0|11:0|13:0|14:0|15:0|16:0|17:0|18:0
Gabe Davis,2025,WR,BUF,6,1,129,1,20,4,11:0|12:0|13:0|14:0|17:0|18:1
George Holani,2025,RB,SEA,10,1,88,1,29,11,1:0|2:0|3:0|4:0|5:0|6:0|7:0|9:0|10:1|11:0
Grant Calcaterra,2025,TE,PHI,9,1,76,1,22,8,2:0|3:0|4:0|5:0|10:0|12:0|15:0|17:0|18:1
Greg Dulcich,2025,TE,MIA,9,1,328,1,18,3,9:0|10:0|11:0|13:0|14:0|15:0|16:0|17:1|18:0
Gunner Olszewski,2025,WR,NYG,16,1,145,1,40,8,1:0|2:0|3:0|4:0|5:0|6:0|7:0|8:0|9:1|10:0|11:0|12:0|13:0|16:0|17:0|18:0
Hunter Luepke,2025,RB,DAL,14,1,180,1,43,15,2:0|4:0|5:0|6:1|7:0|8:0|9:0|11:0|12:0|14:0|15:0|16:0|17:0|18:0
Isaiah Davis,2025,RB,NYJ,16,1,422,1,25,8,1:0|2:0|3:0|4:0|5:0|6:0|7:0|8:0|10:0|11:0|12:0|13:0|14:0|15:1|16:0|17:0
Isaiah Hodgins,2025,WR,NYG,6,1,115,1,17,4,11:0|12:1|13:0|15:0|17:0|18:0
Isaiah Likely,2025,TE,BAL,12,1,307,1,29,7,5:0|6:0|8:0|9:0|10:0|11:0|12:0|13:0|14:1|16:0|17:0|18:0
Ja'Tavion Sanders,2025,TE,CAR,12,1,190,1,22,1,1:0|2:0|3:0|7:0|8:0|9:0|10:0|11:0|12:0|13:0|15:0|16:1
Jack Stoll,2025,TE,NO,9,1,46,1,13,1,1:0|3:1|4:0|7:0|8:0|12:0|14:0|15:0|16:0
Jacoby Brissett,2025,QB,ARI,14,1,168,1,33,2,2:0|5:0|6:0|7:0|9:1|10:0|11:0|12:0|13:0|14:0|15:0|16:0|17:0|18:0
Jahan Dotson,2025,WR,PHI,15,1,262,1,36,8,1:0|2:0|3:0|4:0|5:0|6:0|8:1|10:0|11:0|12:0|13:0|14:0|16:0|17:0|18:0
Jake Browning,2025,QB,CIN,5,1,39,1,9,1,2:1|3:0|4:0|5:0|12:0
Jaleel McLaughlin,2025,RB,DEN,8,1,214,1,16,7,6:0|11:1|13:0|14:0|15:0|16:0|17:0|18:0
Jalen Tolbert,2025,WR,DAL,12,1,203,1,39,14,1:0|2:0|3:0|4:0|5:0|6:0|7:0|8:1|11:0|13:0|17:0|18:0
Jaret Patterson,2025,RB,LAC,6,1,167,1,14,5,8:0|9:0|10:0|13:1|17:0|18:0
Jayden Reed,2025,WR,GB,5,1,235,1,13,6,1:1|14:0|15:0|16:0|17:0
Jaydon Blue,2025,RB,DAL,5,1,134,1,17,8,5:0|6:0|7:0|8:0|18:1
Jeremy McNichols,2025,RB,WAS,16,1,417,1,37,15,1:0|3:1|4:0|5:0|6:0|7:0|8:0|9:0|10:0|11:0|13:0|14:0|15:0|16:0|17:0|18:0
Jeremy Ruckert,2025,TE,NYJ,14,1,179,1,22,2,1:0|2:1|4:0|5:0|6:0|7:0|8:0|10:0|11:0|13:0|14:0|15:0|16:0|17:0
Joe Flacco,2025,QB,CIN,13,1,35,1,37,2,1:0|2:0|3:0|4:0|6:0|7:0|8:1|9:0|11:0|12:0|16:0|17:0|18:0
John Bates,2025,TE,WAS,10,1,103,1,22,3,5:0|7:0|8:0|9:0|10:0|13:0|14:0|15:0|16:0|18:1
John FitzPatrick,2025,TE,GB,11,1,72,1,31,7,1:0|2:0|3:1|7:0|8:0|11:0|12:0|13:0|14:0|15:0|16:0
Josh Johnson,2025,QB,WAS,3,1,55,1,7,1,16:0|17:0|18:1
Josh Whyle,2025,TE,GB,6,1,36,1,17,1,11:1|12:0|13:0|14:0|17:0|18:0
Josiah Deguara,2025,TE,ARI,7,1,21,1,14,3,2:0|11:0|12:0|14:0|16:0|17:0|18:1
JuJu Smith-Schuster,2025,WR,KC,17,1,345,1,38,16,1:0|2:0|3:0|4:1|5:0|6:0|7:0|8:0|9:0|11:0|12:0|13:0|14:0|15:0|16:0|17:0|18:0
Kalif Raymond,2025,WR,DET,15,1,308,1,48,22,1:0|2:0|3:0|4:0|5:0|6:0|7:0|9:0|10:0|11:0|12:0|15:0|16:1|17:0|18:0
Kameron Johnson,2025,WR,TB,17,1,77,1,38,19,1:0|2:0|3:0|4:0|5:0|6:1|7:0|8:0|10:0|11:0|12:0|13:0|14:0|15:0|16:0|17:0|18:0
KeAndre Lambert-Smith,2025,WR,LAC,10,1,51,1,19,12,1:0|2:0|4:0|5:0|6:0|9:0|15:1|16:0|17:0|18:0
Keaton Mitchell,2025,RB,BAL,13,1,404,1,31,16,5:0|6:0|8:0|9:0|10:0|11:0|12:0|13:1|14:0|15:0|16:0|17:0|18:0
Kendre Miller,2025,RB,NO,7,1,223,1,11,2,1:0|2:0|3:0|4:1|5:0|6:0|7:0
Kevin Austin Jr.,2025,WR,NO,5,1,140,1,10,6,3:0|15:0|16:0|17:1|18:0
Kirk Cousins,2025,QB,ATL,10,1,7,1,19,1,3:0|8:0|11:0|12:0|13:0|14:0|15:0|16:1|17:0|18:0
Konata Mumpfield,2025,WR,LA,10,1,92,1,41,16,6:0|7:1|10:0|12:0|13:0|14:0|15:0|16:0|17:0|18:0
Kyler Murray,2025,QB,ARI,5,1,173,1,10,1,1:0|2:0|3:0|4:0|5:1
Lil'Jordan Humphrey,2025,WR,DEN,7,1,156,1,19,7,6:0|7:0|13:0|14:0|15:1|16:0|17:0
Marcus Mariota,2025,QB,WAS,10,1,297,1,21,2,3:1|4:0|7:0|8:0|10:0|11:0|13:0|14:0|15:0|16:0
Marquez Valdes-Scantling,2025,WR,PIT,9,1,120,1,19,7,2:0|3:0|5:0|6:0|14:0|15:1|16:0|17:0|18:0
Mason Taylor,2025,TE,NYJ,13,1,369,1,22,2,1:0|2:0|3:0|4:0|5:0|6:0|7:0|8:1|10:0|11:0|12:0|13:0|14:0
Michael Bandy,2025,WR,DEN,4,1,50,1,10,6,9:0|10:0|15:1|17:0
Michael Carter,2025,RB,ARI,13,1,600,1,30,7,4:0|5:1|6:0|7:0|10:0|11:0|12:0|13:0|14:0|15:0|16:0|17:0|18:0
Michael Mayer,2025,TE,LV,13,1,328,1,18,5,1:0|2:0|3:0|6:1|7:0|9:0|10:0|11:0|12:0|15:0|16:0|17:0|18:0
Michael Penix Jr.,2025,QB,ATL,9,1,70,1,20,1,1:1|2:0|3:0|4:0|6:0|7:0|9:0|10:0|11:0
Miles Sanders,2025,RB,DAL,4,1,147,1,12,5,1:0|2:1|3:0|4:0
Mo Alie-Cox,2025,TE,IND,11,1,117,1,32,4,1:0|2:0|6:0|7:0|9:0|10:0|12:0|14:0|16:0|17:1|18:0
Nate Adkins,2025,TE,DEN,6,1,48,1,19,2,4:0|5:0|6:1|7:0|8:0|16:0
Pat Bryant,2025,WR,DEN,13,1,378,1,32,12,2:0|4:0|5:0|6:0|7:0|8:1|9:0|10:0|11:0|13:0|14:0|16:0|18:0
Phil Mafah,2025,RB,DAL,1,1,29,1,2,2,18:1
Quintin Morris,2025,TE,JAX,11,1,55,1,39,5,2:0|4:0|5:0|11:0|12:0|13:0|14:0|15:0|16:0|17:0|18:1
Raheim Sanders,2025,RB,CLE,4,1,113,1,5,1,1:1|16:0|17:0|18:0
Rasheen Ali,2025,RB,BAL,15,1,92,1,42,18,1:0|2:0|3:0|4:0|5:0|6:0|8:0|9:0|11:0|13:0|14:0|15:1|16:0|17:0|18:0
Ronnie Bell,2025,WR,NO,2,1,23,1,5,3,17:0|18:1
Ryan Miller,2025,WR,TB,9,1,34,1,22,11,1:0|2:1|3:0|6:0|7:0|10:0|11:0|13:0|14:0
Savion Williams,2025,WR,GB,12,1,115,1,31,9,1:0|2:0|3:0|4:0|6:0|7:0|8:1|9:0|10:0|11:0|12:0|16:0
Shedeur Sanders,2025,QB,CLE,8,1,169,1,11,1,11:0|12:0|13:0|14:1|15:0|16:0|17:0|18:0
Shedrick Jackson,2025,WR,LV,3,1,59,1,3,2,14:1|17:0|18:0
Sterling Shepard,2025,WR,TB,13,1,390,1,30,15,1:0|2:0|3:0|4:0|5:1|6:0|7:0|8:0|10:0|11:0|12:0|13:0|14:0
Taysom Hill,2025,TE,NO,13,1,205,1,21,3,5:0|6:1|7:0|8:0|9:0|10:0|12:0|13:0|14:0|15:0|16:0|17:0|18:0
Terrell Jennings,2025,RB,NE,6,1,82,1,16,4,7:0|8:0|9:1|10:0|12:0|13:0
Theo Wease Jr.,2025,WR,MIA,3,1,139,1,6,3,16:0|17:1|18:0
Tre Harris,2025,WR,LAC,16,1,334,1,34,19,1:0|2:0|3:0|4:0|6:0|7:0|8:1|9:0|10:0|11:0|13:0|14:0|15:0|16:0|17:0|18:0
Treylon Burks,2025,WR,WAS,8,1,130,1,17,4,9:0|10:0|13:1|14:0|15:0|16:0|17:0|18:0
Tutu Atwell,2025,WR,LA,8,1,192,1,25,9,1:0|2:0|3:0|4:1|5:0|15:0|17:0|18:0
Tylan Wallace,2025,WR,BAL,11,1,45,1,30,9,1:0|2:1|3:0|4:0|6:0|8:0|9:0|10:0|11:0|12:0|15:0
Tyler Johnson,2025,WR,NYJ,9,1,197,1,13,4,1:0|2:0|3:0|6:0|7:0|8:1|10:0|16:0|17:0
Tyler Lockett,2025,WR,LV,17,1,291,1,25,7,1:0|2:0|3:0|4:0|5:0|6:0|7:0|9:0|10:0|11:0|12:0|13:0|14:0|15:0|16:0|17:1|18:0
Tyreek Hill,2025,WR,MIA,4,1,265,1,9,3,1:0|2:0|3:1|4:0
Tyrell Shavers,2025,WR,BUF,11,1,245,1,36,8,2:0|3:0|4:0|5:0|6:0|9:0|10:0|11:1|14:0|16:0|17:0
Tyrod Taylor,2025,QB,NYJ,6,1,143,1,7,1,2:0|3:0|7:0|12:0|13:1|14:0
Van Jefferson,2025,WR,TEN,14,1,350,1,21,9,2:0|3:0|4:0|6:0|7:0|8:0|9:0|11:1|12:0|13:0|14:0|15:0|16:0|17:0
Xavier Worthy,2025,WR,KC,14,1,619,1,34,14,1:0|4:0|5:0|6:1|7:0|8:0|9:0|11:0|12:0|13:0|14:0|15:0|16:0|17:0
Zavier Scott,2025,RB,MIN,11,1,212,1,22,8,3:0|4:1|5:0|7:0|8:0|9:0|13:0|14:0|16:0|17:0|18:0
Adam Prentice,2025,RB,DEN,13,0,97,0,29,11,1:0|4:0|5:0|6:0|7:0|9:0|10:0|11:0|13:0|14:0|15:0|17:0|18:0
Adam Thielen,2025,WR,PIT,14,0,186,0,36,13,1:0|2:0|3:0|4:0|7:0|8:0|10:0|11:0|12:0|14:0|15:0|16:0|17:0|18:0
Adrian Martinez,2025,QB,SF,1,0,-1,0,4,0,9:0
Aidan O'Connell,2025,QB,LV,1,0,7,0,0,0,18:0
AJ Dillon,2025,RB,PHI,6,0,81,0,14,5,1:0|2:0|4:0|5:0|6:0|18:0
Albert Okwuegbunam,2025,TE,LV,1,0,36,0,0,0,5:0
Alec Ingold,2025,RB,MIA,9,0,61,0,23,11,1:0|2:0|5:0|6:0|8:0|10:0|15:0|16:0|18:0
Alex Bachman,2025,WR,LV,11,0,12,0,16,2,1:0|5:0|6:0|7:0|9:0|10:0|12:0|13:0|16:0|17:0|18:0
Amar Johnson,2025,RB,LAC,1,0,8,0,0,0,11:0
Andre Baccellia,2025,WR,ARI,4,0,8,0,10,4,11:0|13:0|14:0|15:0
Andy Dalton,2025,QB,CAR,4,0,-2,0,6,1,3:0|4:0|7:0|8:0
Anthony Firkser,2025,TE,DET,5,0,53,0,13,0,13:0|14:0|16:0|17:0|18:0
Anthony Gould,2025,WR,IND,11,0,6,0,37,10,1:0|2:0|3:0|4:0|5:0|6:0|7:0|8:0|12:0|13:0|14:0
Anthony Richardson,2025,QB,IND,2,0,-1,0,10,0,3:0|5:0
Arian Smith,2025,WR,NYJ,13,0,65,0,19,7,1:0|2:0|3:0|5:0|6:0|7:0|8:0|10:0|12:0|15:0|16:0|17:0|18:0
Ashton Dulin,2025,WR,IND,12,0,150,0,39,12,1:0|2:0|3:0|4:0|5:0|6:0|8:0|9:0|10:0|12:0|17:0|18:0
Austin Ekeler,2025,RB,WAS,2,0,81,0,5,1,1:0|2:0
Austin Trammell,2025,WR,JAX,6,0,46,0,20,7,9:0|10:0|11:0|12:0|13:0|14:0
Avery Williams,2025,RB,NYJ,1,0,0,0,2,1,5:0
Beaux Collins,2025,WR,NYG,4,0,25,0,13,3,2:0|5:0|7:0|8:0
Ben Sims,2025,TE,MIN,3,0,30,0,7,3,14:0|17:0|18:0
Ben Yurosek,2025,TE,MIN,6,0,14,0,11,3,2:0|3:0|8:0|9:0|10:0|18:0
Blake Whiteheart,2025,TE,CLE,9,0,4,0,13,5,3:0|4:0|6:0|7:0|10:0|13:0|14:0|17:0|18:0
Brady Cook,2025,QB,NYJ,5,0,49,0,4,0,14:0|15:0|16:0|17:0|18:0
Brady Russell,2025,RB,SEA,10,0,0,0,24,12,1:0|2:0|3:0|6:0|7:0|10:0|11:0|12:0|15:0|16:0
Brandin Cooks,2025,WR,BUF,13,0,279,0,41,8,1:0|2:0|3:0|4:0|5:0|6:0|7:0|8:0|9:0|13:0|15:0|16:0|17:0
Brandon Allen,2025,QB,TEN,1,0,0,0,1,1,18:0
Braxton Berrios,2025,WR,HOU,4,0,37,0,7,3,7:0|8:0|9:0|10:0
Brayden Willis,2025,TE,SF,6,0,0,0,15,4,2:0|3:0|4:0|5:0|6:0|17:0
Brenden Bates,2025,TE,CLE,5,0,48,0,5,5,5:0|15:0|16:0|17:0|18:0
Brett Rypien,2025,QB,CIN,1,0,0,0,1,0,3:0
Britain Covey,2025,WR,PHI,6,0,20,0,14,4,13:0|14:0|15:0|16:0|17:0|18:0
British Brooks,2025,RB,HOU,8,0,78,0,17,3,5:0|8:0|9:0|12:0|14:0|15:0|16:0|18:0
Bryce Oliver,2025,WR,TEN,2,0,8,0,1,1,1:0|2:0
Brycen Tremayne,2025,WR,CAR,15,0,160,0,29,13,1:0|2:0|3:0|4:0|5:0|7:0|8:0|9:0|11:0|12:0|13:0|15:0|16:0|17:0|18:0
Cade Stover,2025,TE,HOU,6,0,79,0,10,2,1:0|12:0|13:0|15:0|16:0|18:0
Calvin Ridley,2025,WR,TEN,7,0,303,0,6,3,1:0|2:0|3:0|4:0|5:0|6:0|11:0
Cam Akers,2025,RB,SEA,4,0,19,0,13,6,3:0|5:0|17:0|18:0
Cam Grandy,2025,TE,CIN,2,0,7,0,7,2,3:0|16:0
Cameron Latu,2025,TE,PHI,10,0,0,0,24,7,4:0|5:0|6:0|7:0|8:0|11:0|12:0|13:0|14:0|18:0
Carson Wentz,2025,QB,MIN,5,0,57,0,11,0,3:0|4:0|5:0|7:0|8:0
Carter Runyon,2025,TE,LV,3,0,3,0,4,1,7:0|11:0|16:0
Casey Washington,2025,WR,ATL,5,0,94,0,11,2,1:0|4:0|6:0|7:0|8:0
Cedrick Wilson Jr.,2025,WR,MIA,6,0,44,0,11,5,8:0|9:0|13:0|16:0|17:0|18:0
Charlie Jones,2025,WR,CIN,14,0,0,0,33,18,1:0|2:0|3:0|4:0|5:0|6:0|7:0|8:0|9:0|11:0|12:0|13:0|14:0|15:0
Charlie Woerner,2025,TE,ATL,7,0,48,0,15,4,3:0|7:0|10:0|12:0|15:0|16:0|17:0
Chase Edmonds,2025,RB,WAS,3,0,0,0,5,3,11:0|15:0|17:0
Chris Blair,2025,WR,ATL,1,0,0,0,2,0,17:0
Chris Brooks,2025,RB,GB,17,0,197,0,44,17,1:0|2:0|3:0|4:0|6:0|7:0|8:0|9:0|10:0|11:0|12:0|13:0|14:0|15:0|16:0|17:0|18:0
Chris Manhertz,2025,TE,NYG,4,0,7,0,6,2,3:0|4:0|16:0|18:0
Chris Oladokun,2025,QB,KC,3,0,18,0,1,0,16:0|17:0|18:0
Clayton Tune,2025,QB,GB,2,0,23,0,3,2,17:0|18:0
Clyde Edwards-Helaire,2025,RB,KC,2,0,22,0,3,2,9:0|12:0
Coleman Owen,2025,WR,IND,2,0,0,0,4,3,15:0|16:0
Colson Yankoff,2025,TE,WAS,10,0,18,0,24,3,1:0|3:0|4:0|5:0|6:0|7:0|11:0|13:0|14:0|15:0
Cooper Rush,2025,QB,BAL,4,0,-4,0,7,0,2:0|4:0|5:0|6:0
Corey Kiner,2025,RB,ARI,4,0,73,0,8,0,15:0|16:0|17:0|18:0
Craig Reynolds,2025,RB,DET,5,0,4,0,18,5,1:0|2:0|4:0|5:0|6:0
D'Ernest Johnson,2025,RB,NE,5,0,25,0,21,13,7:0|10:0|11:0|17:0|18:0
Dalen Cambre,2025,WR,NYG,3,0,0,0,9,1,11:0|15:0|18:0
Dalevon Campbell,2025,WR,CAR,1,0,0,0,2,0,3:0
Dameon Pierce,2025,RB,KC,5,0,36,0,10,4,1:0|5:0|8:0|10:0|18:0
Dante Pettis,2025,WR,NO,8,0,127,0,16,9,10:0|12:0|13:0|14:0|15:0|16:0|17:0|18:0
Dareke Young,2025,WR,SEA,8,0,48,0,26,9,2:0|3:0|4:0|5:0|6:0|7:0|16:0|17:0
Darius Cooper,2025,WR,PHI,6,0,92,0,12,2,11:0|12:0|14:0|15:0|17:0|18:0
David Moore,2025,WR,CAR,3,0,17,0,5,0,1:0|3:0|4:0
DeAndre Carter,2025,WR,CLE,4,0,0,0,6,2,1:0|2:0|3:0|4:0
Dee Eskridge,2025,WR,MIA,11,0,62,0,25,8,1:0|2:0|3:0|5:0|6:0|7:0|8:0|9:0|14:0|15:0|16:0
DeeJay Dallas,2025,RB,JAX,5,0,21,0,15,2,5:0|6:0|16:0|17:0|18:0
Derius Davis,2025,WR,LAC,11,0,15,0,23,14,1:0|2:0|3:0|7:0|8:0|9:0|10:0|11:0|13:0|14:0|18:0
Deven Thompkins,2025,WR,ATL,7,0,32,0,16,3,6:0|13:0|14:0|15:0|16:0|17:0|18:0
Devin Duvernay,2025,WR,CHI,17,0,26,0,47,19,1:0|2:0|3:0|4:0|6:0|7:0|8:0|9:0|10:0|11:0|12:0|13:0|14:0|15:0|16:0|17:0|18:0
Dillon Gabriel,2025,QB,CLE,10,0,86,0,15,0,2:0|4:0|5:0|6:0|7:0|8:0|10:0|11:0|13:0|16:0
DJ Giddens,2025,RB,IND,5,0,96,0,18,8,1:0|2:0|3:0|5:0|18:0
DJ Turner,2025,WR,LV,1,0,0,0,2,1,14:0
Dominic Lovett,2025,WR,DET,2,0,0,0,7,3,6:0|10:0
Dont'e Thornton Jr.,2025,WR,LV,11,0,135,0,13,5,1:0|2:0|3:0|4:0|5:0|7:0|10:0|12:0|13:0|17:0|18:0
Drake Dabney,2025,TE,GB,1,0,3,0,0,0,18:0
Drew Lock,2025,QB,SEA,3,0,-5,0,10,0,3:0|10:0|14:0
Durham Smythe,2025,TE,CHI,7,0,25,0,23,6,9:0|11:0|12:0|14:0|15:0|17:0|18:0
Dylan Drummond,2025,WR,ATL,6,0,42,0,12,4,12:0|13:0|14:0|15:0|17:0|18:0
Dylan Laube,2025,RB,LV,17,0,27,0,25,10,1:0|2:0|3:0|4:0|5:0|6:0|7:0|9:0|10:0|11:0|12:0|13:0|14:0|15:0|16:0|17:0|18:0
E.J. Jenkins,2025,TE,PHI,1,0,0,0,3,0,7:0
Elijah Higgins,2025,TE,ARI,17,0,301,0,38,12,1:0|2:0|3:0|4:0|5:0|6:0|7:0|9:0|10:0|11:0|12:0|13:0|14:0|15:0|16:0|17:0|18:0
Elijah Mitchell,2025,RB,KC,1,0,0,0,2,1,11:0
Eric Gray,2025,RB,NYG,1,0,0,0,3,0,12:0
Eric Saubert,2025,TE,SEA,9,0,31,0,20,4,1:0|2:0|3:0|4:0|6:0|15:0|16:0|17:0|18:0
Evan Hull,2025,RB,NO,6,0,54,0,14,3,13:0|14:0|15:0|16:0|17:0|18:0
Feleipe Franks,2025,TE,ATL,10,0,4,0,22,1,1:0|4:0|6:0|8:0|9:0|10:0|11:0|12:0|14:0|18:0
Foster Moreau,2025,TE,NO,7,0,59,0,10,2,6:0|8:0|10:0|12:0|13:0|14:0|16:0
Gage Larvadain,2025,WR,CLE,13,0,74,0,20,2,5:0|6:0|7:0|8:0|10:0|11:0|12:0|13:0|14:0|15:0|16:0|17:0|18:0
Gardner Minshew,2025,QB,KC,4,0,2,0,9,1,4:0|7:0|15:0|16:0
Gary Brightwell,2025,RB,CIN,2,0,0,0,3,0,12:0|13:0
Geno Smith,2025,QB,LV,15,0,109,0,25,0,1:0|2:0|3:0|4:0|5:0|6:0|7:0|9:0|10:0|11:0|12:0|13:0|14:0|16:0|17:0
Giovanni Ricci,2025,TE,DET,2,0,0,0,5,0,15:0|17:0
Harrison Bryant,2025,TE,HOU,5,0,7,0,10,0,2:0|5:0|7:0|8:0|9:0
Hassan Haskins,2025,RB,LAC,11,0,60,0,22,6,1:0|2:0|3:0|4:0|5:0|6:0|7:0|14:0|16:0|17:0|18:0
Hayden Rucci,2025,TE,MIA,1,0,0,0,4,0,8:0
Ian Thomas,2025,TE,LV,9,0,114,0,15,7,2:0|4:0|5:0|6:0|9:0|11:0|12:0|13:0|14:0
Isaac Guerendo,2025,RB,SF,7,0,0,0,17,9,1:0|2:0|3:0|5:0|7:0|9:0|13:0
Isaiah Bond,2025,WR,CLE,15,0,367,0,21,3,1:0|2:0|3:0|4:0|5:0|6:0|8:0|11:0|12:0|13:0|14:0|15:0|16:0|17:0|18:0
Isaiah Williams,2025,WR,NYJ,15,0,227,0,20,8,2:0|3:0|4:0|6:0|7:0|8:0|10:0|11:0|12:0|13:0|14:0|15:0|16:0|17:0|18:0
Jacardia Wright,2025,RB,SEA,1,0,20,0,4,2,3:0
Jack Bech,2025,WR,LV,14,0,224,0,23,6,1:0|3:0|4:0|5:0|6:0|7:0|9:0|10:0|11:0|13:0|14:0|15:0|16:0|18:0
Jack Westover,2025,TE,NE,4,0,0,0,15,0,9:0|10:0|11:0|18:0
Jacob Saylors,2025,RB,DET,11,0,11,0,40,20,1:0|2:0|3:0|4:0|5:0|7:0|9:0|11:0|12:0|14:0|16:0
Jacoby Jones,2025,WR,WAS,1,0,25,0,1,1,11:0
Jake Bobo,2025,WR,SEA,5,0,20,0,16,5,4:0|5:0|7:0|12:0|17:0
Jakob Johnson,2025,RB,HOU,2,0,0,0,3,1,2:0|3:0
Jakobie Keeney-James,2025,WR,GB,1,0,15,0,0,0,18:0
Jalen Brooks,2025,WR,ARI,5,0,51,0,11,5,5:0|14:0|15:0|16:0|18:0
Jalen McMillan,2025,WR,TB,4,0,179,0,8,4,15:0|16:0|17:0|18:0
Jalen Milroe,2025,QB,SEA,3,0,4,0,10,0,1:0|3:0|5:0
Jalen Moreno-Cropper,2025,WR,DAL,2,0,0,0,8,2,5:0|6:0
Jalen Royals,2025,WR,KC,2,0,4,0,4,3,4:0|18:0
Jalin Hyatt,2025,WR,NYG,6,0,35,0,21,3,5:0|6:0|7:0|9:0|11:0|15:0
Jamal Agnew,2025,WR,ATL,11,0,0,0,25,9,1:0|4:0|6:0|7:0|8:0|9:0|10:0|11:0|12:0|13:0|14:0
Jamari Thrash,2025,WR,CLE,8,0,107,0,14,3,1:0|2:0|3:0|5:0|6:0|7:0|8:0|10:0
James Mitchell,2025,TE,CAR,2,0,28,0,5,3,4:0|5:0
James Proche,2025,WR,TEN,6,0,65,0,11,4,12:0|13:0|14:0|15:0|17:0|18:0
Jared Goff,2025,QB,DET,17,0,45,0,56,0,1:0|2:0|3:0|4:0|5:0|6:0|7:0|9:0|10:0|11:0|12:0|13:0|14:0|15:0|16:0|17:0|18:0
Jared Wayne,2025,WR,HOU,1,0,20,0,2,2,8:0
Jared Wiley,2025,TE,KC,2,0,4,0,4,1,13:0|18:0
Jarrett Stidham,2025,QB,DEN,1,0,-1,0,6,0,8:0
Jason Brownlee,2025,WR,KC,3,0,0,0,10,3,1:0|5:0|6:0
Jawhar Jordan,2025,RB,HOU,4,0,227,0,8,0,15:0|16:0|17:0|18:0
Jaylin Lane,2025,WR,WAS,15,0,232,0,34,14,1:0|2:0|3:0|4:0|5:0|6:0|7:0|8:0|9:0|10:0|11:0|13:0|14:0|15:0|16:0
Jelani Woods,2025,TE,NYJ,2,0,4,0,1,0,16:0|17:0
Jerome Ford,2025,RB,CLE,13,0,176,0,23,10,1:0|2:0|3:0|4:0|5:0|6:0|7:0|8:0|10:0|11:0|12:0|13:0|14:0
Jeshaun Jones,2025,WR,MIN,1,0,0,0,1,0,18:0
Jimmy Garoppolo,2025,QB,LA,3,0,-10,0,15,0,7:0|14:0|18:0
Jimmy Horn Jr.,2025,WR,CAR,10,0,177,0,18,8,5:0|6:0|7:0|8:0|9:0|12:0|15:0|16:0|17:0|18:0
Joe Burrow,2025,QB,CIN,8,0,41,0,27,1,1:0|2:0|13:0|14:0|15:0|16:0|17:0|18:0
Joe Milton III,2025,QB,DAL,4,0,50,0,8,0,3:0|8:0|16:0|18:0
Johnny Mundt,2025,TE,JAX,12,0,111,0,30,4,1:0|3:0|4:0|5:0|6:0|7:0|9:0|10:0|11:0|12:0|17:0|18:0
Jonathan Mingo,2025,WR,DAL,5,0,25,0,11,4,14:0|15:0|16:0|17:0|18:0
Jordan Love,2025,QB,GB,15,0,199,0,41,0,1:0|2:0|3:0|4:0|6:0|7:0|8:0|9:0|10:0|11:0|12:0|13:0|14:0|15:0|16:0
Jordan Mims,2025,RB,TEN,1,0,0,0,1,0,2:0
Jordan Watkins,2025,WR,SF,2,0,26,0,6,1,8:0|9:0
Jordan Whittington,2025,WR,LA,15,0,183,0,52,22,1:0|2:0|3:0|4:0|5:0|6:0|7:0|11:0|12:0|13:0|14:0|15:0|16:0|17:0|18:0
Josh Palmer,2025,WR,BUF,12,0,303,0,42,8,1:0|2:0|3:0|4:0|5:0|6:0|11:0|12:0|15:0|16:0|17:0|18:0
Josh Reynolds,2025,WR,NYJ,5,0,101,0,8,3,1:0|4:0|5:0|6:0|7:0
Josh Williams,2025,RB,TB,2,0,11,0,5,3,5:0|8:0
Joshua Dobbs,2025,QB,NE,4,0,-5,0,19,1,4:0|7:0|17:0|18:0
Julian Hill,2025,TE,MIA,11,0,140,0,20,7,1:0|3:0|4:0|5:0|6:0|7:0|11:0|13:0|15:0|17:0|18:0
Julius Chestnut,2025,RB,TEN,16,0,40,0,22,7,1:0|3:0|4:0|5:0|6:0|7:0|8:0|9:0|11:0|12:0|13:0|14:0|15:0|16:0|17:0|18:0
Justin Shorter,2025,TE,LV,3,0,0,0,7,1,1:0|4:0|6:0
Justin Watson,2025,WR,HOU,3,0,30,0,4,2,1:0|2:0|18:0
Kaden Davis,2025,WR,CLE,1,0,0,0,1,0,3:0
Kaleb Johnson,2025,RB,PIT,10,0,78,0,24,12,1:0|2:0|4:0|6:0|9:0|10:0|11:0|13:0|14:0|15:0
Kalel Mullings,2025,RB,TEN,4,0,7,0,9,2,12:0|15:0|16:0|17:0
Ke'Shawn Williams,2025,WR,CIN,11,0,15,0,32,15,6:0|7:0|8:0|9:0|10:0|11:0|12:0|13:0|16:0|17:0|18:0
Kedon Slovis,2025,QB,ARI,2,0,0,0,5,0,10:0|12:0
Keleki Latu,2025,TE,BUF,3,0,35,0,13,1,11:0|17:0|18:0
Kendall Milton,2025,RB,CIN,1,0,2,0,1,0,11:0
Kendrick Bourne,2025,WR,SF,14,0,551,0,39,9,2:0|3:0|4:0|5:0|6:0|7:0|8:0|9:0|10:0|13:0|15:0|16:0|17:0|18:0
Kene Nwangwu,2025,RB,NYJ,10,0,49,0,10,4,1:0|6:0|7:0|10:0|11:0|12:0|14:0|16:0|17:0|18:0
Kenny Pickett,2025,QB,LV,6,0,22,0,4,0,7:0|10:0|14:0|15:0|17:0|18:0
KhaDarel Hodge,2025,WR,ATL,8,0,31,0,20,5,1:0|6:0|7:0|8:0|9:0|10:0|11:0|15:0
Khalil Herbert,2025,RB,NYJ,5,0,56,0,6,4,5:0|14:0|15:0|17:0|18:0
Ko Kieft,2025,TE,TB,2,0,0,0,4,0,1:0|3:0
Kyle Allen,2025,QB,DET,2,0,-3,0,8,0,4:0|10:0
Kylen Granson,2025,TE,PHI,12,0,40,0,28,9,1:0|2:0|3:0|4:0|5:0|10:0|11:0|14:0|15:0|16:0|17:0|18:0
LaJohntay Wester,2025,WR,BAL,14,0,0,0,39,14,1:0|2:0|3:0|5:0|6:0|9:0|10:0|11:0|12:0|14:0|15:0|16:0|17:0|18:0
Laquon Treadwell,2025,WR,IND,6,0,0,0,17,4,7:0|10:0|12:0|13:0|14:0|17:0
LeQuint Allen Jr.,2025,RB,JAX,16,0,148,0,46,19,1:0|2:0|3:0|4:0|5:0|6:0|7:0|9:0|10:0|11:0|12:0|13:0|14:0|15:0|16:0|17:0
Lew Nichols III,2025,RB,PIT,1,0,0,0,3,2,9:0
Lucas Krull,2025,TE,DEN,2,0,15,0,4,0,1:0|3:0
Luke Musgrave,2025,TE,GB,13,0,252,0,37,6,1:0|2:0|4:0|6:0|8:0|9:0|10:0|11:0|12:0|13:0|14:0|15:0|16:0
Luke Schoonmaker,2025,TE,DAL,14,0,132,0,39,6,1:0|2:0|3:0|4:0|5:0|6:0|8:0|9:0|12:0|13:0|14:0|15:0|17:0|18:0
Mac Jones,2025,QB,SF,11,0,60,0,32,1,2:0|3:0|5:0|6:0|7:0|8:0|9:0|10:0|11:0|13:0|16:0
Malachi Corley,2025,WR,CLE,12,0,206,0,20,2,5:0|7:0|8:0|10:0|11:0|12:0|13:0|14:0|15:0|16:0|17:0|18:0
Malik Cunningham,2025,WR,DET,1,0,1,0,5,1,14:0
Malik Heath,2025,WR,GB,7,0,86,0,21,9,2:0|3:0|4:0|7:0|8:0|9:0|13:0
Malik Turner,2025,WR,SF,2,0,0,0,4,0,5:0|7:0
Marcedes Lewis,2025,TE,DEN,1,0,0,0,1,0,10:0
Mason Kinsey,2025,WR,TEN,6,0,48,0,7,4,7:0|9:0|11:0|12:0|17:0|18:0
Mason Rudolph,2025,QB,PIT,5,0,6,0,9,0,2:0|6:0|11:0|12:0|13:0
Mason Tipton,2025,WR,NO,8,0,94,0,12,7,6:0|7:0|8:0|12:0|13:0|14:0|15:0|16:0
Matthew Golden,2025,WR,GB,14,0,410,0,37,13,1:0|2:0|3:0|4:0|6:0|7:0|8:0|9:0|11:0|14:0|15:0|16:0|17:0|18:0
Matthew Stafford,2025,QB,LA,17,0,1,0,63,0,1:0|2:0|3:0|4:0|5:0|6:0|7:0|9:0|10:0|11:0|12:0|13:0|14:0|15:0|16:0|17:0|18:0
Max Brosmer,2025,QB,MIN,7,0,11,0,12,1,3:0|5:0|8:0|13:0|16:0|17:0|18:0
Mecole Hardman,2025,WR,BUF,2,0,0,0,9,1,11:0|16:0
Mitchell Trubisky,2025,QB,BUF,4,0,6,0,15,2,2:0|8:0|10:0|18:0
Moliki Matavao,2025,TE,NO,1,0,10,0,3,0,17:0
Myles Gaskin,2025,RB,SEA,1,0,6,0,1,1,13:0
Myles Price,2025,WR,MIN,16,0,0,0,32,10,1:0|2:0|3:0|4:0|5:0|7:0|8:0|9:0|10:0|11:0|12:0|13:0|14:0|15:0|16:0|17:0
Najee Harris,2025,RB,LAC,3,0,86,0,7,1,1:0|2:0|3:0
Nate Carter,2025,RB,ATL,2,0,60,0,1,1,3:0|8:0
Nick Kallerup,2025,TE,SEA,4,0,0,0,5,0,10:0|11:0|13:0|15:0
Nick Mullens,2025,QB,JAX,4,0,-8,0,17,1,13:0|14:0|15:0|18:0
Nick Westbrook-Ikhine,2025,WR,MIA,13,0,89,0,28,9,1:0|2:0|3:0|4:0|6:0|7:0|8:0|9:0|10:0|13:0|14:0|15:0|18:0
Nikko Remigio,2025,WR,KC,14,0,32,0,36,16,1:0|2:0|3:0|4:0|5:0|6:0|7:0|8:0|9:0|11:0|12:0|13:0|15:0|16:0
Nikola Kalinic,2025,TE,CHI,2,0,0,0,6,2,12:0|18:0
Noah Brown,2025,WR,WAS,4,0,83,0,7,3,1:0|2:0|14:0|15:0
Noah Gray,2025,TE,KC,14,0,178,0,29,3,1:0|2:0|3:0|4:0|6:0|7:0|8:0|9:0|11:0|12:0|14:0|16:0|17:0|18:0
Nyheim Hines,2025,RB,NO,4,0,-2,0,5,0,6:0|7:0|8:0|18:0
Owen Wright,2025,RB,TB,2,0,6,0,5,3,11:0|12:0
Parris Campbell,2025,WR,DAL,1,0,0,0,3,1,6:0
Patrick Ricard,2025,RB,BAL,5,0,11,0,14,6,10:0|11:0|14:0|17:0|18:0
Payne Durham,2025,TE,TB,8,0,11,0,19,1,1:0|2:0|4:0|5:0|10:0|13:0|14:0|18:0
Pharaoh Brown,2025,TE,ARI,5,0,1,0,12,4,11:0|12:0|14:0|15:0|18:0
Philip Rivers,2025,QB,IND,3,0,-1,0,6,0,15:0|16:0|17:0
Princeton Fant,2025,TE,DAL,1,0,0,0,1,0,9:0
Quentin Skinner,2025,WR,NYJ,1,0,10,0,1,0,18:0
Quinn Ewers,2025,QB,MIA,4,0,19,0,6,0,7:0|16:0|17:0|18:0
Raheem Mostert,2025,RB,LV,12,0,174,0,19,9,4:0|5:0|6:0|7:0|9:0|10:0|11:0|12:0|13:0|14:0|15:0|16:0
Ray-Ray McCloud,2025,WR,NYG,6,0,69,0,12,4,1:0|2:0|3:0|4:0|9:0|10:0
Reggie Gilliam,2025,RB,BUF,11,0,28,0,39,14,2:0|5:0|8:0|9:0|11:0|12:0|13:0|14:0|15:0|17:0|18:0
Ricky Pearsall,2025,WR,SF,9,0,526,0,28,6,1:0|2:0|3:0|4:0|11:0|12:0|13:0|15:0|17:0
River Cracraft,2025,WR,WAS,2,0,0,0,5,0,17:0|18:0
Robbie Chosen,2025,WR,WAS,3,0,53,0,7,2,7:0|10:0|11:0
Robbie Ouzts,2025,RB,SEA,4,0,0,0,14,3,2:0|9:0|10:0|14:0
Robert Tonyan,2025,TE,KC,2,0,1,0,6,1,4:0|11:0
Ronnie Rivers,2025,RB,LA,6,0,46,0,25,9,13:0|14:0|15:0|16:0|17:0|18:0
Roschon Johnson,2025,RB,CHI,6,0,17,0,14,6,2:0|3:0|4:0|6:0|7:0|11:0
Ross Dwelley,2025,TE,DET,4,0,7,0,17,0,10:0|12:0|13:0|14:0
Russell Wilson,2025,QB,NYG,6,0,106,0,14,4,1:0|2:0|3:0|4:0|6:0|10:0
Sal Cannella,2025,TE,CLE,2,0,11,0,1,1,17:0|18:0
Sam Darnold,2025,QB,SEA,17,0,95,0,44,0,1:0|2:0|3:0|4:0|5:0|6:0|7:0|9:0|10:0|11:0|12:0|13:0|14:0|15:0|16:0|17:0|18:0
Samori Toure,2025,WR,NO,1,0,3,0,2,1,18:0
Scott Miller,2025,WR,PIT,5,0,62,0,13,2,4:0|7:0|16:0|17:0|18:0
Shane Buechele,2025,QB,KC,1,0,4,0,0,0,18:0
Shane Zylstra,2025,TE,DET,1,0,20,0,3,0,16:0
Simi Fehoko,2025,WR,ARI,7,0,0,0,17,5,3:0|4:0|5:0|6:0|7:0|9:0|10:0
Sione Vaki,2025,RB,DET,8,0,4,0,27,15,3:0|9:0|10:0|13:0|14:0|15:0|17:0|18:0
Skyy Moore,2025,WR,SF,17,0,98,0,48,10,1:0|2:0|3:0|4:0|5:0|6:0|7:0|8:0|9:0|10:0|11:0|12:0|13:0|15:0|16:0|17:0|18:0
Spencer Rattler,2025,QB,NO,9,0,167,0,13,0,1:0|2:0|3:0|4:0|5:0|6:0|7:0|8:0|15:0
Steven Sims,2025,WR,ARI,3,0,0,0,5,3,16:0|17:0|18:0
Stone Smartt,2025,TE,NYJ,6,0,52,0,4,0,6:0|10:0|14:0|15:0|16:0|17:0
Tahj Brooks,2025,RB,CIN,12,0,54,0,32,11,1:0|2:0|3:0|4:0|7:0|8:0|9:0|11:0|12:0|15:0|16:0|17:0
Tahj Washington,2025,WR,MIA,2,0,37,0,1,1,9:0|18:0
Tai Felton,2025,WR,MIN,12,0,25,0,24,5,1:0|3:0|4:0|5:0|7:0|9:0|11:0|12:0|13:0|14:0|16:0|18:0
Tanner Conner,2025,TE,MIA,8,0,91,0,17,4,1:0|3:0|4:0|5:0|6:0|7:0|8:0|9:0
Tanner McKee,2025,QB,PHI,4,0,8,0,15,0,8:0|15:0|16:0|18:0
Tay Martin,2025,WR,WAS,2,0,23,0,5,3,4:0|5:0
Teagan Quitoriano,2025,TE,ATL,2,0,0,0,4,0,12:0|17:0
Teddy Bridgewater,2025,QB,TB,3,0,4,0,6,1,7:0|11:0|12:0
Thomas Fidone II,2025,TE,NYG,1,0,0,0,5,2,7:0
Tim Jones,2025,WR,JAX,2,0,15,0,5,1,9:0|10:0
Tip Reiman,2025,TE,ARI,3,0,18,0,6,1,1:0|3:0|5:0
Tom Kennedy,2025,WR,DET,6,0,36,0,17,9,13:0|14:0|15:0|16:0|17:0|18:0
Travis Homer,2025,RB,CHI,8,0,-2,0,21,9,7:0|8:0|9:0|11:0|13:0|14:0|17:0|18:0
Travis Vokolek,2025,TE,ARI,1,0,0,0,3,0,5:0
Trayveon Williams,2025,RB,CLE,6,0,91,0,5,0,10:0|11:0|15:0|16:0|17:0|18:0
Trent Sherfield,2025,WR,ARI,4,0,21,0,9,4,1:0|2:0|5:0|14:0
Trevor Etienne,2025,RB,CAR,17,0,107,0,33,11,1:0|2:0|3:0|4:0|5:0|6:0|7:0|8:0|9:0|10:0|11:0|12:0|13:0|15:0|16:0|17:0|18:0
Trey Benson,2025,RB,ARI,4,0,224,0,7,3,1:0|2:0|3:0|4:0
Trey Lance,2025,QB,LAC,4,0,85,0,5,0,5:0|11:0|13:0|18:0
Trey Sermon,2025,RB,PIT,3,0,0,0,7,4,4:0|9:0|10:0
Tua Tagovailoa,2025,QB,MIA,14,0,43,0,31,0,1:0|2:0|3:0|4:0|5:0|6:0|7:0|8:0|9:0|10:0|11:0|13:0|14:0|15:0
Tucker Fisk,2025,TE,LAC,4,0,19,0,8,0,3:0|4:0|9:0|10:0
Ty Chandler,2025,RB,MIN,3,0,58,0,6,3,1:0|17:0|18:0
Tyler Badie,2025,RB,DEN,16,0,164,0,42,17,1:0|2:0|3:0|4:0|5:0|7:0|8:0|9:0|10:0|11:0|13:0|14:0|15:0|16:0|17:0|18:0
Tyler Conklin,2025,TE,LAC,6,0,103,0,10,0,1:0|3:0|4:0|5:0|10:0|18:0
Tyler Goodson,2025,RB,IND,10,0,32,0,28,10,3:0|4:0|8:0|9:0|10:0|12:0|13:0|15:0|16:0|18:0
Tyler Huntley,2025,QB,BAL,5,0,151,0,13,0,6:0|8:0|15:0|16:0|17:0
Tyson Bagent,2025,QB,CHI,2,0,7,0,9,1,2:0|9:0
Ulysses Bentley IV,2025,RB,IND,1,0,0,0,3,0,1:0
Velus Jones Jr.,2025,WR,SEA,5,0,32,0,15,7,1:0|3:0|4:0|5:0|14:0
Will Dissly,2025,TE,LAC,8,0,97,0,17,2,1:0|2:0|6:0|7:0|14:0|16:0|17:0|18:0
Will Mallory,2025,TE,IND,1,0,16,0,2,1,17:0
Will Shipley,2025,RB,PHI,14,0,105,0,36,10,1:0|4:0|5:0|6:0|7:0|8:0|10:0|12:0|13:0|14:0|15:0|16:0|17:0|18:0
Xavier Gipson,2025,WR,PHI,6,0,6,0,16,6,1:0|7:0|8:0|10:0|11:0|12:0
Xavier Restrepo,2025,WR,TEN,2,0,41,0,2,1,12:0|13:0
Xavier Smith,2025,WR,LA,16,0,303,0,60,25,1:0|2:0|3:0|4:0|5:0|6:0|7:0|9:0|10:0|11:0|13:0|14:0|15:0|16:0|17:0|18:0
Xavier Weaver,2025,WR,ARI,7,0,67,0,14,5,4:0|7:0|11:0|12:0|13:0|16:0|17:0
Zach Wilson,2025,QB,MIA,4,0,1,0,10,0,1:0|8:0|14:0|18:0
Zaire Mitchell-Paden,2025,TE,NO,3,0,17,0,6,2,2:0|5:0|10:0
Zamir White,2025,RB,LV,5,0,56,0,6,1,1:0|2:0|3:0|17:0|18:0
Zay Jones,2025,WR,ARI,6,0,183,0,14,4,1:0|3:0|5:0|6:0|7:0|10:0
Derrick Henry,2026,RB,BAL,3,6,339,3,11,6,1:3|2:1|3:2
Jahmyr Gibbs,2026,RB,DET,3,6,463,3,12,6,1:2|2:1|3:3
Jaxon Smith-Njigba,2026,WR,SEA,3,6,405,3,9,7,1:1|2:3|3:2
Josh Allen,2026,QB,BUF,3,6,114,3,13,6,1:2|2:2|3:2
Amon-Ra St. Brown,2026,WR,DET,3,5,228,3,12,5,1:2|2:2|3:1
Christian Watson,2026,WR,GB,3,4,284,3,6,5,1:2|2:1|3:1
Jonathan Taylor,2026,RB,IND,3,4,325,2,7,4,1:2|2:2|3:0
Kenneth Walker III,2026,RB,KC,3,4,442,2,10,4,1:2|2:0|3:2
Bijan Robinson,2026,RB,ATL,3,3,467,2,5,4,1:1|2:0|3:2
CeeDee Lamb,2026,WR,DAL,3,3,309,2,10,4,1:1|2:2|3:0
Christian McCaffrey,2026,RB,SF,3,3,270,2,13,4,1:0|2:2|3:1
Chuba Hubbard,2026,RB,CAR,3,3,261,2,9,3,1:2|2:1|3:0
Cody White,2026,WR,LV,3,3,28,2,10,5,1:0|2:2|3:1
D'Andre Swift,2026,RB,CHI,3,3,321,1,11,4,1:3|2:0|3:0
David Montgomery,2026,RB,HOU,3,3,151,1,6,4,1:3|2:0|3:0
George Kittle,2026,TE,SF,3,3,174,2,13,3,1:0|2:1|3:2
Ja'Marr Chase,2026,WR,CIN,3,3,185,2,7,4,1:0|2:2|3:1
Jake Ferguson,2026,TE,DAL,3,3,72,2,10,3,1:0|2:2|3:1
Javonte Williams,2026,RB,DAL,3,3,225,2,10,3,1:2|2:0|3:1
Juwan Johnson,2026,TE,NO,3,3,173,2,10,6,1:1|2:0|3:2
Noah Fant,2026,TE,NO,3,3,66,2,10,6,1:1|2:0|3:2
Stefon Diggs,2026,WR,WAS,3,3,135,2,8,6,1:1|2:2|3:0
Ashton Jeanty,2026,RB,LV,3,2,303,1,10,3,1:2|2:0|3:0
Bhayshul Tuten,2026,RB,JAX,3,2,240,2,10,3,1:0|2:1|3:1
Caleb Williams,2026,QB,CHI,2,2,107,1,8,2,1:2|2:0
Cam Ward,2026,QB,TEN,3,2,30,1,4,2,1:0|2:2|3:0
Dallas Goedert,2026,TE,PHI,2,2,81,1,6,2,1:2|2:0
Darren Waller,2026,TE,CAR,3,2,112,1,9,2,1:0|2:2|3:0
Davante Adams,2026,WR,LA,3,2,358,1,7,3,1:0|2:2|3:0
Deebo Samuel Sr.,2026,WR,SF,3,2,189,2,13,5,1:1|2:0|3:1
Denzel Boston,2026,WR,CLE,3,2,195,2,5,2,1:1|2:1|3:0
Garrett Wilson,2026,WR,NYJ,3,2,243,2,7,2,1:0|2:1|3:1
Harold Fannin Jr.,2026,TE,CLE,3,2,126,1,5,3,1:0|2:0|3:2
Isaiah Likely,2026,TE,NYG,3,2,124,1,4,2,1:2|2:0|3:0
Jakobi Meyers,2026,WR,JAX,3,2,134,2,10,6,1:1|2:0|3:1
Jalen Coker,2026,WR,CAR,3,2,222,1,9,3,1:2|2:0|3:0
James Cook,2026,RB,BUF,3,2,362,2,13,2,1:0|2:1|3:1
Jeremiyah Love,2026,RB,ARI,3,2,204,2,6,2,1:1|2:0|3:1
Josh Cameron,2026,WR,JAX,3,2,32,2,10,6,1:1|2:0|3:1
Josh Palmer,2026,WR,BUF,2,2,77,2,10,3,1:1|2:1
Justin Jefferson,2026,WR,MIN,3,2,179,1,6,3,1:2|2:0|3:0
Kenyon Sadiq,2026,TE,NYJ,3,2,146,2,7,3,1:1|2:0|3:1
Kyren Williams,2026,RB,LA,3,2,320,2,7,2,1:1|2:1|3:0
Mike Evans,2026,WR,SF,3,2,137,2,13,5,1:1|2:0|3:1
Mike Gesicki,2026,TE,CIN,2,2,115,2,5,2,1:1|3:1
Nate Adkins,2026,TE,DEN,3,2,46,2,6,3,1:0|2:1|3:1
Omarion Hampton,2026,RB,LAC,3,2,214,2,5,3,1:1|2:1|3:0
Parker Washington,2026,WR,JAX,3,2,221,2,10,6,1:1|2:0|3:1
Travis Kelce,2026,TE,KC,3,2,231,2,10,2,1:0|2:1|3:1
Trey McBride,2026,TE,ARI,3,2,211,2,6,2,1:1|2:1|3:0
Tyler Warren,2026,TE,IND,3,2,94,2,7,2,1:1|2:1|3:0
Aaron Jones,2026,RB,MIN,3,1,237,1,6,2,1:1|2:0|3:0
AJ Barner,2026,TE,SEA,3,1,91,1,9,2,1:0|2:1|3:0
Antonio Williams,2026,WR,WAS,3,1,103,1,8,6,1:1|2:0|3:0
Austin Hooper,2026,TE,ATL,2,1,31,1,4,1,2:0|3:1
Baker Mayfield,2026,QB,TB,3,1,65,1,4,1,1:1|2:0|3:0
Ben Skowronek,2026,WR,PIT,2,1,25,1,3,3,2:0|3:1
Blake Whiteheart,2026,TE,CLE,2,1,31,1,3,1,1:0|2:1
Bo Nix,2026,QB,DEN,3,1,15,1,6,1,1:0|2:0|3:1
Braelon Allen,2026,RB,NYJ,3,1,72,1,7,2,1:0|2:1|3:0
Breece Hall,2026,RB,NYJ,3,1,265,1,7,2,1:1|2:0|3:0
Brenton Strange,2026,TE,JAX,3,1,72,1,10,1,1:1|2:0|3:0
Brian Robinson,2026,RB,ATL,3,1,148,1,5,4,1:0|2:0|3:1
Brock Bowers,2026,TE,LV,1,1,116,1,4,2,3:1
Brock Purdy,2026,QB,SF,3,1,93,1,13,1,1:0|2:1|3:0
Bryce Young,2026,QB,CAR,3,1,16,1,9,1,1:1|2:0|3:0
Bucky Irving,2026,RB,TB,3,1,241,1,4,1,1:1|2:0|3:0
Cam Skattebo,2026,RB,NYG,3,1,236,1,4,2,1:1|2:0|3:0
Case Keenum,2026,QB,CHI,1,1,6,1,3,1,3:1
Chase Brown,2026,RB,CIN,3,1,229,1,7,1,1:1|2:0|3:0
Chris Moore,2026,WR,BAL,3,1,63,1,11,3,1:0|2:0|3:1
Chris Olave,2026,WR,NO,3,1,375,1,10,2,1:0|2:1|3:0
Chris Rodriguez Jr.,2026,RB,JAX,3,1,73,1,10,3,1:0|2:0|3:1
Cole Kmet,2026,TE,CHI,3,1,35,1,11,1,1:1|2:0|3:0
Cooper Kupp,2026,WR,SEA,3,1,101,1,9,7,1:0|2:0|3:1
Dalton Kincaid,2026,TE,BUF,3,1,263,1,13,2,1:0|2:1|3:0
Darius Cooper,2026,WR,PHI,3,1,26,1,7,3,1:0|2:1|3:0
Dawson Knox,2026,TE,BUF,3,1,17,1,13,2,1:0|2:1|3:0
Demarcus Robinson,2026,WR,SF,2,1,84,1,8,3,1:1|2:0
Devaughn Vele,2026,WR,NO,3,1,172,1,10,2,1:1|2:0|3:0
Devin Singletary,2026,RB,NYG,2,1,47,1,4,2,1:1|2:0
DeVonta Smith,2026,WR,PHI,3,1,235,1,7,3,1:0|2:1|3:0
DJ Moore,2026,WR,BUF,3,1,166,1,13,3,1:1|2:0|3:0
DK Metcalf,2026,WR,PIT,3,1,98,1,4,3,1:0|2:0|3:1
Dontayvion Wicks,2026,WR,PHI,3,1,179,1,7,3,1:1|2:0|3:0
Eli Raridon,2026,TE,NE,2,1,32,1,2,1,1:1|2:0
Elic Ayomanor,2026,WR,TEN,3,1,91,1,4,2,1:1|2:0|3:0
Emeka Egbuka,2026,WR,TB,3,1,138,1,4,2,1:0|2:1|3:0
Eric Saubert,2026,TE,SEA,3,1,3,1,9,2,1:0|2:0|3:1
Evan Engram,2026,TE,DEN,3,1,60,1,6,3,1:1|2:0|3:0
Foster Moreau,2026,TE,HOU,3,1,56,1,6,1,1:0|2:0|3:1
Jack Bech,2026,WR,LV,2,1,48,1,6,4,1:1|2:0
Jacoby Brissett,2026,QB,ARI,3,1,25,1,6,1,1:0|2:0|3:1
Jacory Croskey-Merritt,2026,RB,WAS,3,1,147,1,8,2,1:1|2:0|3:0
Jahdae Walker,2026,WR,CHI,1,1,1,1,8,1,1:1
Jalen Hurts,2026,QB,PHI,3,1,87,1,7,1,1:0|2:0|3:1
Jalen Royals,2026,WR,KC,3,1,17,1,10,3,1:0|2:1|3:0
Jeremy Ruckert,2026,TE,NYJ,3,1,48,1,7,3,1:0|2:0|3:1
John Metchie III,2026,WR,CAR,2,1,19,1,4,1,2:0|3:1
Jonah Coleman,2026,RB,DEN,2,1,58,1,3,1,1:0|2:1
Jordan Addison,2026,WR,MIN,3,1,111,1,6,3,1:0|2:0|3:1
Jordan Mason,2026,RB,MIN,1,1,59,1,5,2,1:1
Kalif Raymond,2026,WR,CHI,3,1,214,1,11,3,1:0|2:0|3:1
KaVontae Turpin,2026,WR,DAL,3,1,27,1,10,4,1:0|2:0|3:1
Keaton Mitchell,2026,RB,LAC,3,1,95,1,5,3,1:0|2:0|3:1
Keenan Allen,2026,WR,IND,3,1,100,1,7,1,1:0|2:0|3:1
Kendre Miller,2026,RB,NO,2,1,49,1,8,1,1:1|3:0
Konata Mumpfield,2026,WR,LA,3,1,105,1,7,3,1:0|2:0|3:1
Kyle Juszczyk,2026,RB,SF,2,1,27,1,10,4,2:1|3:0
Kyle Monangai,2026,RB,CHI,3,1,213,1,11,4,1:1|2:0|3:0
Ladd McConkey,2026,WR,LAC,3,1,183,1,5,1,1:1|2:0|3:0
Lamar Jackson,2026,QB,BAL,3,1,124,1,11,1,1:1|2:0|3:0
Luther Burden III,2026,WR,CHI,3,1,165,1,11,3,1:0|2:0|3:1
Malik Willis,2026,QB,MIA,3,1,101,1,3,1,1:1|2:0|3:0
MarShawn Lloyd,2026,RB,GB,3,1,81,1,6,1,1:0|2:1|3:0
Matthew Golden,2026,WR,GB,3,1,253,1,6,5,1:0|2:0|3:1
Matthew Hibner,2026,TE,BAL,2,1,36,1,9,1,1:0|3:1
Michael Mayer,2026,TE,LV,3,1,87,1,10,2,1:0|2:0|3:1
Michael Wilson,2026,WR,ARI,3,1,163,1,6,1,1:0|2:0|3:1
Mike Washington Jr.,2026,RB,LV,3,1,102,1,10,3,1:0|2:0|3:1
Nico Collins,2026,WR,HOU,1,1,82,1,4,1,1:1
Ollie Gordon II,2026,RB,MIA,2,1,62,1,2,1,2:0|3:1
Oronde Gadsden II,2026,TE,LAC,3,1,50,1,5,1,1:0|2:1|3:0
Pat Bryant,2026,WR,DEN,3,1,102,1,6,1,1:0|2:0|3:1
Pat Freiermuth,2026,TE,PIT,3,1,111,1,4,1,1:1|2:0|3:0
Patrick Mahomes,2026,QB,KC,3,1,41,1,10,1,1:1|2:0|3:0
Rachaad White,2026,RB,WAS,3,1,151,1,8,2,1:0|2:0|3:1
Rashee Rice,2026,WR,KC,3,1,190,1,10,3,1:1|2:0|3:0
Rashod Bateman,2026,WR,BAL,3,1,125,1,11,3,1:0|2:1|3:0
Roman Wilson,2026,WR,PIT,3,1,114,1,4,3,1:0|2:0|3:1
Ryan Miller,2026,WR,MIA,2,1,92,1,2,1,2:1|3:0
Sam LaPorta,2026,TE,DET,3,1,144,1,12,1,1:0|2:1|3:0
T.J. Hockenson,2026,TE,MIN,3,1,76,1,6,1,1:1|2:0|3:0
Tank Bigsby,2026,RB,PHI,3,1,46,1,7,1,1:0|2:1|3:0
Ted Hurst III,2026,WR,TB,3,1,103,1,4,2,1:0|2:0|3:1
Tee Higgins,2026,WR,CIN,3,1,244,1,7,4,1:0|2:0|3:1
Terrance Ferguson,2026,TE,LA,3,1,63,1,7,2,1:0|2:1|3:0
Terry McLaurin,2026,WR,WAS,3,1,141,1,8,6,1:0|2:0|3:1
Tre Tucker,2026,WR,LV,3,1,189,1,10,5,1:0|2:1|3:0
TreVeyon Henderson,2026,RB,NE,2,1,105,1,1,1,2:1|3:0
Treylon Burks,2026,WR,WAS,2,1,13,1,5,4,2:0|3:1
Tyler Higbee,2026,TE,LA,2,1,74,1,3,1,1:0|3:1
Tyler Shough,2026,QB,NO,3,1,67,1,10,1,1:0|2:1|3:0
Wan'Dale Robinson,2026,WR,TEN,3,1,104,1,4,2,1:0|2:0|3:1
Woody Marks,2026,RB,HOU,3,1,96,1,6,4,1:0|2:0|3:1
Xavier Worthy,2026,WR,KC,3,1,63,1,10,3,1:0|2:1|3:0
Zay Flowers,2026,WR,BAL,2,1,254,1,9,2,1:1|3:0
A.J. Brown,2026,WR,NE,1,0,26,0,1,0,1:0
Aaron Rodgers,2026,QB,PIT,3,0,12,0,4,0,1:0|2:0|3:0
Adam Prentice,2026,RB,DEN,2,0,2,0,5,1,2:0|3:0
Adam Trautman,2026,TE,DEN,1,0,10,0,1,1,1:0
Adonai Mitchell,2026,WR,NYJ,2,0,123,0,4,1,1:0|2:0
AJ Dillon,2026,RB,CAR,3,0,39,0,9,3,1:0|2:0|3:0
Alec Ingold,2026,RB,LAC,3,0,35,0,5,3,1:0|2:0|3:0
Alec Pierce,2026,WR,IND,2,0,72,0,6,0,1:0|2:0
Alvin Kamara,2026,RB,NO,2,0,63,0,6,0,2:0|3:0
Ameer Abdullah,2026,RB,JAX,3,0,47,0,10,3,1:0|2:0|3:0
Andrei Iosivas,2026,WR,CIN,2,0,19,0,4,2,1:0|2:0
Andrew Beck,2026,RB,NYJ,1,0,0,0,2,1,2:0
Andrew Ogletree,2026,TE,IND,2,0,0,0,6,2,1:0|2:0
Andy Dalton,2026,QB,PHI,1,0,0,0,1,1,3:0
Anthony Gould,2026,WR,IND,2,0,0,0,4,1,2:0|3:0
Anthony Tyus III,2026,RB,CAR,1,0,0,0,1,0,3:0
Arian Smith,2026,WR,NYJ,2,0,0,0,4,1,1:0|2:0
Ashton Dulin,2026,WR,IND,1,0,0,0,3,0,1:0
Bam Knight,2026,RB,ARI,1,0,24,0,1,0,2:0
Barion Brown,2026,WR,NO,2,0,3,0,6,2,1:0|2:0
Bauer Sharp,2026,TE,TB,2,0,0,0,3,0,1:0|3:0
Ben Sinnott,2026,TE,WAS,2,0,6,0,5,0,2:0|3:0
Ben VanSumeren,2026,RB,KC,2,0,0,0,7,4,1:0|3:0
Blake Corum,2026,RB,LA,3,0,161,0,7,2,1:0|2:0|3:0
Bo Melton,2026,WR,GB,3,0,10,0,6,5,1:0|2:0|3:0
Brady Russell,2026,RB,SEA,2,0,40,0,5,0,1:0|3:0
Brashard Smith,2026,RB,KC,2,0,4,0,6,2,2:0|3:0
Braxton Berrios,2026,WR,NYG,3,0,0,0,4,0,1:0|2:0|3:0
Brayden Willis,2026,TE,SF,2,0,0,0,10,3,2:0|3:0
Brenen Thompson,2026,WR,LAC,1,0,13,0,2,0,2:0
Brevyn Spann-Ford,2026,TE,DAL,3,0,33,0,10,3,1:0|2:0|3:0
Brian Thomas Jr.,2026,WR,JAX,3,0,88,0,10,6,1:0|2:0|3:0
Britain Covey,2026,WR,PHI,3,0,0,0,7,3,1:0|2:0|3:0
British Brooks,2026,RB,HOU,1,0,0,0,0,0,2:0
Brock Wright,2026,TE,DET,3,0,12,0,12,1,1:0|2:0|3:0
Bryce Lance,2026,WR,NO,3,0,50,0,10,2,1:0|2:0|3:0
Brycen Tremayne,2026,WR,CAR,3,0,83,0,9,3,1:0|2:0|3:0
C.J. Stroud,2026,QB,HOU,3,0,54,0,6,0,1:0|2:0|3:0
Cade Otton,2026,TE,TB,3,0,120,0,4,0,1:0|2:0|3:0
Cade Stover,2026,TE,HOU,1,0,-2,0,4,0,1:0
Caleb Douglas,2026,WR,MIA,2,0,113,0,2,1,1:0|2:0
Calvin Ridley,2026,WR,TEN,2,0,35,0,3,1,2:0|3:0
Cameron Latu,2026,TE,NE,2,0,0,0,1,0,2:0|3:0
Carnell Tate,2026,WR,TEN,3,0,123,0,4,2,1:0|2:0|3:0
Carsen Ryan,2026,TE,CLE,2,0,0,0,3,2,1:0|3:0
Carson Wentz,2026,QB,MIN,2,0,5,0,5,0,1:0|2:0
Charlie Kolar,2026,TE,LAC,2,0,21,0,4,1,1:0|2:0
Charlie Woerner,2026,TE,ATL,1,0,0,0,0,0,2:0
Chig Okonkwo,2026,TE,WAS,1,0,16,0,3,0,1:0
Chimere Dike,2026,WR,TEN,3,0,10,0,4,2,1:0|2:0|3:0
Chris Bell,2026,WR,MIA,3,0,92,0,3,1,1:0|2:0|3:0
Chris Blair,2026,WR,ATL,3,0,6,0,5,0,1:0|2:0|3:0
Chris Brooks,2026,RB,GB,3,0,59,0,6,1,1:0|2:0|3:0
Chris Godwin Jr.,2026,WR,TB,3,0,126,0,4,2,1:0|2:0|3:0
CJ Donaldson,2026,RB,NO,3,0,9,0,10,1,1:0|2:0|3:0
Colbie Young,2026,WR,CIN,2,0,9,0,5,4,2:0|3:0
Colby Parkinson,2026,TE,LA,3,0,21,0,7,2,1:0|2:0|3:0
Colson Yankoff,2026,TE,WAS,3,0,16,0,8,0,1:0|2:0|3:0
Colston Loveland,2026,TE,CHI,3,0,34,0,11,1,1:0|2:0|3:0
Connor Heyward,2026,RB,LV,3,0,2,0,10,3,1:0|2:0|3:0
Cooper Rush,2026,QB,ATL,2,0,20,0,1,0,1:0|2:0
Corey Kiner,2026,RB,NE,3,0,38,0,2,1,1:0|2:0|3:0
Courtland Sutton,2026,WR,DEN,3,0,82,0,6,1,1:0|2:0|3:0
Cyrus Allen,2026,WR,KC,1,0,0,0,4,1,1:0
Dak Prescott,2026,QB,DAL,3,0,59,0,10,0,1:0|2:0|3:0
Dalton Schultz,2026,TE,HOU,3,0,205,0,6,1,1:0|2:0|3:0
Daniel Bellinger,2026,TE,TEN,3,0,23,0,4,0,1:0|2:0|3:0
Daniel Jones,2026,QB,IND,3,0,19,0,7,0,1:0|2:0|3:0
Dareke Young,2026,WR,LV,3,0,27,0,10,5,1:0|2:0|3:0
Darnell Mooney,2026,WR,NYG,3,0,104,0,4,0,1:0|2:0|3:0
Darnell Washington,2026,TE,PIT,3,0,92,0,4,1,1:0|2:0|3:0
David Moore,2026,WR,CAR,1,0,0,0,1,1,3:0
David Njoku,2026,TE,LAC,2,0,67,0,4,1,1:0|2:0
Davis Allen,2026,TE,LA,3,0,39,0,7,2,1:0|2:0|3:0
De'Von Achane,2026,RB,MIA,3,0,176,0,3,1,1:0|2:0|3:0
Dean Connors,2026,RB,LA,1,0,0,0,2,0,3:0
DeeJay Dallas,2026,RB,MIN,3,0,23,0,6,2,1:0|2:0|3:0
Deion Burks,2026,WR,IND,1,0,14,0,3,0,2:0
DeMario Douglas,2026,WR,NE,3,0,67,0,2,0,1:0|2:0|3:0
Demond Claiborne,2026,RB,MIN,2,0,3,0,1,0,2:0|3:0
Derius Davis,2026,WR,LAC,3,0,0,0,5,1,1:0|2:0|3:0
Deshaun Watson,2026,QB,CLE,3,0,105,0,5,0,1:0|2:0|3:0
Devin Duvernay,2026,WR,ARI,3,0,0,0,6,1,1:0|2:0|3:0
Devontez Walker,2026,WR,BAL,2,0,47,0,6,2,2:0|3:0
DJ Herman,2026,RB,MIA,2,0,18,0,2,1,2:0|3:0
Dohnte Meyers,2026,WR,CIN,3,0,57,0,7,4,1:0|2:0|3:0
Drake London,2026,WR,ATL,3,0,278,0,5,0,1:0|2:0|3:0
Drake Maye,2026,QB,NE,3,0,82,0,2,0,1:0|2:0|3:0
Drew Lock,2026,QB,SEA,2,0,13,0,5,0,1:0|2:0
Drew Sample,2026,TE,CIN,2,0,19,0,5,2,1:0|3:0
Durham Smythe,2026,TE,BAL,2,0,4,0,7,0,1:0|2:0
Dyami Brown,2026,WR,WAS,3,0,21,0,8,6,1:0|2:0|3:0
Dylan Laube,2026,RB,LV,3,0,0,0,10,3,1:0|2:0|3:0
Dylan Sampson,2026,RB,CLE,1,0,0,0,1,0,1:0
E.J. Jenkins,2026,TE,PHI,1,0,0,0,1,0,3:0
Efton Chism III,2026,WR,NE,2,0,-1,0,1,0,2:0|3:0
Eli Heidenreich,2026,RB,PIT,2,0,0,0,1,0,1:0|2:0
Elijah Arroyo,2026,TE,SEA,1,0,17,0,4,1,2:0
Elijah Higgins,2026,TE,ARI,2,0,20,0,4,1,2:0|3:0
Emanuel Wilson,2026,RB,SEA,3,0,109,0,9,0,1:0|2:0|3:0
Emari Demercado,2026,RB,DAL,2,0,15,0,7,2,1:0|2:0
Emmett Johnson,2026,RB,KC,3,0,120,0,10,4,1:0|2:0|3:0
Erick All,2026,TE,CIN,1,0,5,0,2,0,2:0
Feleipe Franks,2026,TE,CAR,3,0,0,0,9,2,1:0|2:0|3:0
Frank Gore Jr.,2026,RB,BUF,1,0,3,0,4,0,1:0
Geno Smith,2026,QB,NYJ,3,0,36,0,7,0,1:0|2:0|3:0
George Holani,2026,RB,SEA,3,0,102,0,9,0,1:0|2:0|3:0
George Pickens,2026,WR,DAL,3,0,150,0,10,4,1:0|2:0|3:0
Germie Bernard,2026,WR,PIT,2,0,49,0,3,3,2:0|3:0
Greg Dortch,2026,WR,BUF,3,0,0,0,13,3,1:0|2:0|3:0
Greg Dulcich,2026,TE,MIA,3,0,90,0,3,0,1:0|2:0|3:0
Gunnar Helm,2026,TE,TEN,3,0,55,0,4,0,1:0|2:0|3:0
Hayden Rucci,2026,TE,LAC,1,0,0,0,1,0,3:0
Hunter Henry,2026,TE,NE,3,0,71,0,2,1,1:0|2:0|3:0
Hunter Long,2026,TE,ARI,3,0,5,0,6,2,1:0|2:0|3:0
Hunter Luepke,2026,RB,DAL,2,0,8,0,7,2,1:0|2:0
Ian Thomas,2026,TE,LV,1,0,11,0,3,0,2:0
Isaac TeSlaa,2026,WR,DET,3,0,92,0,12,5,1:0|2:0|3:0
Isaiah Bond,2026,WR,CLE,1,0,10,0,2,1,2:0
Isaiah Davis,2026,RB,NYJ,2,0,0,0,5,1,2:0|3:0
Isaiah Williams,2026,WR,NYJ,3,0,76,0,7,2,1:0|2:0|3:0
J. Michael Sturdivant,2026,WR,GB,2,0,22,0,4,3,2:0|3:0
J.K. Dobbins,2026,RB,DEN,3,0,125,0,6,1,1:0|2:0|3:0
Ja'Kobi Lane,2026,WR,BAL,1,0,11,0,5,1,1:0
Jack Strand,2026,QB,ATL,1,0,16,0,0,0,2:0
Jackson Hawes,2026,TE,BUF,1,0,0,0,3,0,3:0
Jackson Meeks,2026,WR,DET,1,0,8,0,4,1,3:0
Jacob Cowing,2026,WR,SF,3,0,0,0,13,5,1:0|2:0|3:0
Jacob Saylors,2026,RB,DET,3,0,0,0,12,6,1:0|2:0|3:0
Jadarian Price,2026,RB,SEA,3,0,140,0,9,0,1:0|2:0|3:0
Jahan Dotson,2026,WR,ATL,3,0,41,0,5,0,1:0|2:0|3:0
Jake Briningstool,2026,TE,KC,2,0,9,0,7,1,1:0|3:0
Jaleel McLaughlin,2026,RB,CLE,1,0,3,0,2,0,2:0
Jalen Brooks,2026,WR,ARI,2,0,0,0,4,1,2:0|3:0
Jalen Cropper,2026,WR,NO,1,0,0,0,4,0,3:0
Jalen McMillan,2026,WR,TB,1,0,0,0,1,1,3:0
Jalen Nailor,2026,WR,LV,3,0,52,0,10,5,1:0|2:0|3:0
Jalon Daniels,2026,QB,TB,1,0,9,0,1,0,3:0
Jamaal Pritchett,2026,WR,NYJ,1,0,0,0,3,1,3:0
Jameis Winston,2026,QB,NYG,2,0,15,0,0,0,2:0|3:0
Jameson Williams,2026,WR,DET,3,0,127,0,12,5,1:0|2:0|3:0
Jared Goff,2026,QB,DET,3,0,15,0,12,0,1:0|2:0|3:0
Jared Wayne,2026,WR,HOU,3,0,65,0,6,1,1:0|2:0|3:0
Jauan Jennings,2026,WR,MIN,2,0,1,0,6,3,1:0|3:0
Jaxson Dart,2026,QB,NYG,2,0,54,0,4,0,1:0|2:0
Jayden Daniels,2026,QB,WAS,2,0,100,0,5,0,1:0|2:0
Jayden Reed,2026,WR,GB,2,0,24,0,4,3,1:0|2:0
Jaylen Waddle,2026,WR,DEN,3,0,164,0,6,1,1:0|2:0|3:0
Jaylen Warren,2026,RB,PIT,3,0,326,0,4,0,1:0|2:0|3:0
Jaylen Wright,2026,RB,MIA,2,0,10,0,2,0,1:0|2:0
Jaylin Lane,2026,WR,WAS,3,0,25,0,8,6,1:0|2:0|3:0
Jaylin Noel,2026,WR,HOU,3,0,122,0,6,1,1:0|2:0|3:0
Jelani Woods,2026,TE,NYJ,1,0,20,0,3,2,3:0
Jerry Jeudy,2026,WR,CLE,2,0,26,0,3,2,1:0|2:0
Jimmy Horn Jr.,2026,WR,CAR,1,0,0,0,5,2,1:0
Joe Burrow,2026,QB,CIN,3,0,32,0,7,0,1:0|2:0|3:0
John Bates,2026,TE,WAS,2,0,22,0,6,0,1:0|3:0
Johnny Mundt,2026,TE,PHI,2,0,12,0,4,0,2:0|3:0
Jonathan Mingo,2026,WR,DAL,1,0,10,0,3,1,1:0
Jonathon Brooks,2026,RB,CAR,2,0,73,0,8,3,1:0|2:0
Jonnu Smith,2026,TE,GB,2,0,66,0,4,0,1:0|3:0
Jordan James,2026,RB,SF,1,0,15,0,5,3,2:0
Jordan Love,2026,QB,GB,3,0,0,0,6,0,1:0|2:0|3:0
Jordan Watkins,2026,WR,SF,1,0,60,0,5,2,3:0
Jordan Whittington,2026,WR,LA,1,0,8,0,1,0,1:0
Josh Cuevas,2026,TE,BAL,1,0,14,0,4,1,3:0
Josh Downs,2026,WR,IND,3,0,186,0,7,1,1:0|2:0|3:0
Josh Oliver,2026,TE,MIN,3,0,46,0,6,1,1:0|2:0|3:0
Josh Williams,2026,RB,TB,1,0,0,0,2,1,1:0
Julius Chestnut,2026,RB,TEN,2,0,0,0,3,0,2:0|3:0
Justice Hill,2026,RB,BAL,3,0,79,0,11,6,1:0|2:0|3:0
Justin Herbert,2026,QB,LAC,3,0,48,0,5,0,1:0|2:0|3:0
Kaden Davis,2026,WR,CHI,1,0,0,0,8,1,1:0
Kaden Wetjen,2026,WR,PIT,3,0,0,0,4,3,1:0|2:0|3:0
Kaelon Black,2026,RB,SF,3,0,112,0,13,4,1:0|2:0|3:0
Kaleb Johnson,2026,RB,GB,3,0,48,0,6,1,1:0|2:0|3:0
Kameron Johnson,2026,WR,TB,3,0,0,0,4,2,1:0|2:0|3:0
Kayshon Boutte,2026,WR,HOU,3,0,79,0,6,1,1:0|2:0|3:0
Kaytron Allen,2026,RB,WAS,2,0,40,0,5,1,1:0|2:0
KC Concepcion,2026,WR,CLE,3,0,89,0,5,2,1:0|2:0|3:0
Ke'Shawn Williams,2026,WR,CIN,1,0,0,0,3,2,3:0
Keleki Latu,2026,TE,BUF,2,0,0,0,10,2,1:0|2:0
Kendrick Bourne,2026,WR,ARI,3,0,108,0,6,1,1:0|2:0|3:0
Kenny Gainwell,2026,RB,TB,3,0,43,0,4,1,1:0|2:0|3:0
Kenny Pickett,2026,QB,CAR,2,0,20,0,8,1,1:0|2:0
Keon Coleman,2026,WR,BUF,3,0,101,0,13,3,1:0|2:0|3:0
Kevin Austin Jr.,2026,WR,NO,1,0,7,0,2,1,2:0
Kevin Coleman Jr.,2026,WR,MIA,2,0,3,0,2,0,1:0|3:0
KhaDarel Hodge,2026,WR,SF,3,0,18,0,13,5,1:0|2:0|3:0
Khalil Shakir,2026,WR,BUF,3,0,94,0,13,3,1:0|2:0|3:0
Kimani Vidal,2026,RB,LAC,2,0,20,0,3,2,2:0|3:0
Kirk Cousins,2026,QB,LV,3,0,-2,0,10,0,1:0|2:0|3:0
Ko Kieft,2026,TE,TB,1,0,0,0,1,0,3:0
Kolbe Katsis,2026,WR,DEN,1,0,0,0,3,1,3:0
Kyle Pitts,2026,TE,ATL,3,0,20,0,5,1,1:0|2:0|3:0
Kyle Williams,2026,WR,NE,3,0,44,0,2,0,1:0|2:0|3:0
Kyler Murray,2026,QB,MIN,2,0,26,0,6,0,1:0|3:0
LaJohntay Wester,2026,WR,BAL,3,0,29,0,11,3,1:0|2:0|3:0
Lan Larison,2026,RB,NE,1,0,9,0,1,0,1:0
Laquon Treadwell,2026,WR,IND,3,0,81,0,7,1,1:0|2:0|3:0
LeQuint Allen Jr.,2026,RB,JAX,2,0,9,0,6,3,2:0|3:0
Lew Nichols III,2026,RB,PIT,1,0,0,0,3,0,3:0
Lewis Bond,2026,WR,HOU,1,0,0,0,2,0,3:0
Lil'Jordan Humphrey,2026,WR,DEN,1,0,0,0,2,0,2:0
Luke Farrell,2026,TE,SF,3,0,19,0,13,3,1:0|2:0|3:0
Luke McCaffrey,2026,WR,WAS,1,0,0,0,3,2,3:0
Luke Schoonmaker,2026,TE,DAL,2,0,21,0,6,1,1:0|3:0
Mac Jones,2026,QB,SF,1,0,-2,0,5,1,2:0
Mack Hollins,2026,WR,NE,3,0,156,0,2,0,1:0|2:0|3:0
Makai Lemon,2026,WR,PHI,3,0,33,0,7,3,1:0|2:0|3:0
Malachi Corley,2026,WR,CLE,3,0,0,0,5,2,1:0|2:0|3:0
Malachi Fields,2026,WR,NYG,3,0,74,0,4,0,1:0|2:0|3:0
Malik Benson,2026,WR,LV,3,0,-2,0,10,5,1:0|2:0|3:0
Malik McClain,2026,WR,NYJ,1,0,0,0,3,1,3:0
Malik Nabers,2026,WR,NYG,3,0,96,0,4,0,1:0|2:0|3:0
Malik Washington,2026,WR,MIA,3,0,161,0,3,1,1:0|2:0|3:0
Marcus Mariota,2026,QB,WAS,2,0,14,0,5,0,2:0|3:0
Mark Andrews,2026,TE,BAL,3,0,122,0,11,1,1:0|2:0|3:0
Marlin Klein,2026,TE,HOU,1,0,16,0,4,0,1:0
Marquez Valdes-Scantling,2026,WR,LAC,1,0,0,0,1,0,3:0
Marquise Brown,2026,WR,PHI,1,0,12,0,3,2,2:0
Marvin Harrison Jr.,2026,WR,ARI,3,0,73,0,6,1,1:0|2:0|3:0
Marvin Mims Jr.,2026,WR,DEN,1,0,0,0,1,0,1:0
Mason Rudolph,2026,QB,PIT,1,0,3,0,0,0,2:0
Mason Taylor,2026,TE,NYJ,1,0,-2,0,2,1,1:0
Matthew Stafford,2026,QB,LA,3,0,11,0,7,0,1:0|2:0|3:0
Max Bredeson,2026,RB,MIN,1,0,0,0,1,0,3:0
Michael Burton,2026,RB,CLE,1,0,0,0,2,0,3:0
Michael Penix Jr.,2026,QB,ATL,1,0,-2,0,4,0,3:0
Michael Pittman,2026,WR,PIT,2,0,74,0,4,3,1:0|3:0
Mitchell Evans,2026,TE,CAR,3,0,58,0,9,2,1:0|2:0|3:0
Mo Alie-Cox,2026,TE,IND,1,0,16,0,1,0,3:0
Montorie Foster Jr,2026,WR,SEA,1,0,0,0,1,1,1:0
Myles Price,2026,WR,MIN,3,0,0,0,6,3,1:0|2:0|3:0
Najee Harris,2026,RB,NYG,2,0,58,0,0,0,2:0|3:0
Nate Boerkircher,2026,TE,JAX,2,0,9,0,9,1,1:0|3:0
Nicholas Singleton,2026,RB,TEN,1,0,10,0,2,0,2:0
Nick Mullens,2026,QB,JAX,1,0,-3,0,4,0,1:0
Nick Muse,2026,TE,ATL,2,0,0,0,5,1,1:0|3:0
Nikko Remigio,2026,WR,KC,3,0,0,0,10,3,1:0|2:0|3:0
Noah Gray,2026,TE,KC,3,0,44,0,10,2,1:0|2:0|3:0
Odell Beckham Jr.,2026,WR,NYG,1,0,0,0,0,0,3:0
Olamide Zaccheaus,2026,WR,ATL,3,0,17,0,5,0,1:0|2:0|3:0
Omar Cooper Jr.,2026,WR,NYJ,1,0,30,0,2,0,1:0
Oscar Delp,2026,TE,NO,1,0,8,0,2,0,2:0
Patrick Ricard,2026,RB,NYG,1,0,0,0,4,2,1:0
Payne Durham,2026,TE,TB,1,0,0,0,1,0,3:0
Puka Nacua,2026,WR,LA,1,0,74,0,1,0,1:0
Quentin Johnston,2026,WR,LAC,3,0,71,0,5,1,1:0|2:0|3:0
Quinshon Judkins,2026,RB,CLE,3,0,177,0,5,0,1:0|2:0|3:0
Quintin Morris,2026,TE,JAX,2,0,7,0,5,1,1:0|2:0
Raheim Sanders,2026,RB,CLE,3,0,88,0,5,0,1:0|2:0|3:0
Rasheen Ali,2026,RB,BAL,3,0,0,0,11,6,1:0|2:0|3:0
Rashid Shaheed,2026,WR,SEA,3,0,57,0,9,7,1:0|2:0|3:0
Ray Davis,2026,RB,BUF,2,0,3,0,10,1,1:0|2:0
Reggie Gilliam,2026,RB,NE,1,0,4,0,1,1,2:0
Rhamondre Stevenson,2026,RB,NE,3,0,179,0,2,1,1:0|2:0|3:0
Rico Dowdle,2026,RB,PIT,2,0,65,0,1,0,1:0|2:0
Riley Nowakowski,2026,RB,PIT,1,0,0,0,1,0,1:0
RJ Harvey,2026,RB,DEN,2,0,88,0,4,0,1:0|3:0
Robert Tonyan,2026,TE,PIT,1,0,2,0,3,0,3:0
Rome Odunze,2026,WR,CHI,3,0,139,0,11,3,1:0|2:0|3:0
Romeo Doubs,2026,WR,NE,3,0,145,0,2,0,1:0|2:0|3:0
Ronnie Rivers,2026,RB,LA,1,0,24,0,1,1,1:0
Roschon Johnson,2026,RB,CHI,1,0,0,0,8,4,1:0
Ryan Flournoy,2026,WR,DAL,3,0,67,0,10,4,1:0|2:0|3:0
Sam Darnold,2026,QB,SEA,2,0,5,0,5,0,1:0|3:0
Sam Roush,2026,TE,CHI,2,0,25,0,3,0,2:0|3:0
Samaje Perine,2026,RB,CIN,3,0,86,0,7,1,1:0|2:0|3:0
Saquon Barkley,2026,RB,PHI,3,0,180,0,7,1,1:0|2:0|3:0
Seth McGowan,2026,RB,IND,3,0,14,0,7,4,1:0|2:0|3:0
Shedeur Sanders,2026,QB,CLE,1,0,0,0,2,0,3:0
Simi Fehoko,2026,WR,ARI,2,0,0,0,5,1,1:0|3:0
Sione Vaki,2026,RB,DET,3,0,75,0,12,6,1:0|2:0|3:0
Skyy Moore,2026,WR,GB,3,0,37,0,6,5,1:0|2:0|3:0
Sterling Shepard,2026,WR,NYJ,1,0,3,0,3,1,3:0
Stetson Bennett,2026,QB,LA,1,0,9,0,1,0,1:0
Tahj Brooks,2026,RB,CIN,2,0,0,0,5,1,1:0|3:0
Tai Felton,2026,WR,MIN,1,0,0,0,1,1,3:0
Tanner Hudson,2026,TE,CIN,2,0,17,0,5,2,1:0|3:0
Tay Martin,2026,WR,DET,2,0,0,0,8,4,1:0|2:0
Tetairoa McMillan,2026,WR,CAR,3,0,193,0,9,3,1:0|2:0|3:0
Tez Johnson,2026,WR,TB,3,0,53,0,4,2,1:0|2:0|3:0
Theo Johnson,2026,TE,NYG,2,0,9,0,4,2,1:0|2:0
Tom Kennedy,2026,WR,DET,3,0,0,0,12,5,1:0|2:0|3:0
Tommy DeVito,2026,QB,NE,1,0,2,0,0,0,3:0
Tommy Tremble,2026,TE,CAR,3,0,70,0,9,2,1:0|2:0|3:0
Tony Pollard,2026,RB,TEN,3,0,195,0,4,0,1:0|2:0|3:0
Tory Horton,2026,WR,SEA,1,0,48,0,4,3,3:0
Travis Etienne,2026,RB,NO,3,0,179,0,10,1,1:0|2:0|3:0
Travis Homer,2026,RB,PIT,2,0,16,0,3,0,2:0|3:0
Tre Harris,2026,WR,LAC,3,0,149,0,5,1,1:0|2:0|3:0
Trevor Lawrence,2026,QB,JAX,3,0,34,0,10,0,1:0|2:0|3:0
Treyton Welch,2026,TE,NO,1,0,0,0,4,2,1:0
Troy Franklin,2026,WR,DEN,3,0,53,0,6,1,1:0|2:0|3:0
Tucker Kraft,2026,TE,GB,3,0,106,0,6,0,1:0|2:0|3:0
Tutu Atwell,2026,WR,LA,1,0,19,0,4,2,2:0
Ty Johnson,2026,RB,BUF,1,0,50,0,3,1,3:0
Tyjae Spears,2026,RB,TEN,3,0,99,0,4,0,1:0|2:0|3:0
Tylan Wallace,2026,WR,CLE,1,0,0,0,2,0,3:0
Tyler Allgeier,2026,RB,ARI,3,0,98,0,6,2,1:0|2:0|3:0
Tyler Badie,2026,RB,DEN,2,0,43,0,5,1,2:0|3:0
Tyler Goodson,2026,RB,DAL,1,0,17,0,3,1,3:0
Tyquan Thornton,2026,WR,KC,3,0,108,0,10,3,1:0|2:0|3:0
Tyrone Tracy Jr.,2026,RB,NYG,3,0,17,0,4,2,1:0|2:0|3:0
Tyson Bagent,2026,QB,CHI,1,0,0,0,0,0,2:0
Will Kacmarek,2026,TE,MIA,3,0,4,0,3,0,1:0|2:0|3:0
Will Shipley,2026,RB,PHI,3,0,52,0,7,1,1:0|2:0|3:0
Xavier Hutchinson,2026,WR,HOU,3,0,124,0,6,1,1:0|2:0|3:0
Xavier Legette,2026,WR,CAR,2,0,64,0,8,2,1:0|2:0
Xavier Smith,2026,WR,LA,3,0,0,0,7,3,1:0|2:0|3:0
Zach Ertz,2026,TE,PHI,1,0,9,0,1,0,3:0
Zachariah Branch,2026,WR,ATL,3,0,21,0,5,0,1:0|2:0|3:0
Zavion Thomas,2026,WR,CHI,2,0,1,0,3,2,2:0|3:0
